id,node_id,node_label,node_type,rule_type,incoming,outgoing,turning_matrix,priority_ranks,alpha
1,1238650,J151,junction,turning,1062,1076 1077,"[[0.8, 0.2]]","[[1, 1]]",0.3
2,1240792,J710,junction,turning,241 1292,73 1291,"[[0.8, 0.2], [0.2, 0.8]]","[[1, 1], [2, 2]]",0.3
3,1246082,J756,junction,turning,18,19,[[1.0]],[[1]],0.3
4,1402817,J391,junction,turning,1272 1276,1271 1275,"[[0.8, 0.2], [0.2, 0.8]]","[[1, 1], [2, 2]]",0.3
5,1405658,J650,junction,turning,175 1278,176 1277,"[[0.8, 0.2], [0.2, 0.8]]","[[1, 1], [2, 2]]",0.3
6,1407834,J708,junction,turning,112 119 129,120 124,"[[0.5, 0.5], [0.5, 0.5], [0.5, 0.5]]","[[1, 1], [2, 2], [3, 3]]",0.3
7,1411087,J166,junction,turning,1227 1296,1228 1295,"[[0.8, 0.2], [0.2, 0.8]]","[[1, 1], [2, 2]]",0.3
8,1411108,J235,junction,turning,737 738,736 739,"[[0.8, 0.2], [0.2, 0.8]]","[[1, 1], [2, 2]]",0.3
9,1412982,J126,junction,turning,1031 1041 1043,991 1025 1042,"[[0.8, 0.1, 0.1], [0.1, 0.8, 0.1], [0.1, 0.1, 0.8]]","[[1, 1, 1], [2, 2, 2], [3, 3, 3]]",0.3
10,1425306,J755,junction,turning,12 134,10 135,"[[0.8, 0.2], [0.2, 0.8]]","[[1, 1], [2, 2]]",0.3
11,1471821,J720,junction,turning,28 33 166,29 30 31,"[[0.2, 0.4, 0.4], [0.2, 0.4, 0.4], [0.8, 0.1, 0.1]]","[[1, 1, 1], [2, 2, 2], [3, 3, 3]]",0.3
12,1713043,J267,junction,turning,760,753 755,"[[0.2, 0.8]]","[[1, 1]]",0.3
13,1817921,J110,junction,turning,927 954,926 943,"[[0.8, 0.2], [0.5, 0.5]]","[[1, 1], [2, 2]]",0.3
14,1915946,J628,junction,turning,316 1262,315 1261,"[[0.8, 0.2], [0.2, 0.8]]","[[1, 1], [2, 2]]",0.3
15,1917096,J113,junction,turning,1068 1081,1063,"[[1.0], [1.0]]","[[1], [2]]",0.3
16,1917147,J501,junction,turning,395 410 411,408 409 412,"[[0.8, 0.1, 0.1], [0.2, 0.4, 0.4], [0.2, 0.4, 0.4]]","[[1, 1, 1], [2, 2, 2], [3, 3, 3]]",0.3
17,1917149,J483,junction,turning,383 394 397,382 396 398,"[[0.4, 0.2, 0.4], [0.1, 0.8, 0.1], [0.4, 0.2, 0.4]]","[[1, 1, 1], [2, 2, 2], [3, 3, 3]]",0.3
18,1935608,J725,junction,turning,48 1286,51 1285,"[[0.8, 0.2], [0.2, 0.8]]","[[1, 1], [2, 2]]",0.3
19,2221468,J139,junction,turning,1217,1218 1224,"[[0.8, 0.2]]","[[1, 1]]",0.3
20,2221471,J158,junction,turning,907,1199 1200,"[[0.8, 0.2]]","[[1, 1]]",0.3
21,2221472,J177,junction,turning,905 1199,903 907,"[[0.5, 0.5], [0.2, 0.8]]","[[1, 1], [2, 2]]",0.3
22,2228113,J365,junction,turning,631,632 633,"[[0.8, 0.2]]","[[1, 1]]",0.3
23,2479050,J424,junction,turning,555 564,554 560,"[[0.8, 0.2], [0.5, 0.5]]","[[1, 1], [2, 2]]",0.3
24,2538407,J100,junction,turning,1053 1072,1073 1075,"[[0.2, 0.8], [0.5, 0.5]]","[[1, 1], [2, 2]]",0.3
25,2538414,J104,junction,turning,1034 1061,1055 1058,"[[0.8, 0.2], [0.5, 0.5]]","[[1, 1], [2, 2]]",0.3
26,2538415,J101,junction,turning,1057 1065,1060 1064,"[[0.8, 0.2], [0.5, 0.5]]","[[1, 1], [2, 2]]",0.3
27,2538421,J74,junction,turning,988 1018,989 1008,"[[0.8, 0.2], [0.5, 0.5]]","[[1, 1], [2, 2]]",0.3
28,2538476,J24,junction,turning,913 948 956,936 945 946,"[[0.4, 0.4, 0.2], [0.4, 0.4, 0.2], [0.1, 0.1, 0.8]]","[[1, 1, 1], [2, 2, 2], [3, 3, 3]]",0.3
29,2538489,J89,junction,turning,1182 1186 1202,1184 1187,"[[0.5, 0.5], [0.5, 0.5], [0.5, 0.5]]","[[1, 1], [2, 2], [3, 3]]",0.3
30,2538490,J92,junction,turning,1164 1183,1180 1186,"[[0.8, 0.2], [0.5, 0.5]]","[[1, 1], [2, 2]]",0.3
31,2538522,J18,junction,turning,965 967,966 983,"[[0.2, 0.8], [0.8, 0.2]]","[[1, 1], [2, 2]]",0.3
32,2538562,J115,junction,turning,1025 1042,1041 1043,"[[0.8, 0.2], [0.2, 0.8]]","[[1, 1], [2, 2]]",0.3
33,2541046,J157,junction,turning,1088 1096,1090 1097 1098,"[[0.4, 0.4, 0.2], [0.4, 0.4, 0.2]]","[[1, 1, 1], [2, 2, 2]]",0.3
34,2541056,J11,junction,turning,912 922,921 923,"[[0.5, 0.5], [0.5, 0.5]]","[[1, 1], [2, 2]]",0.3
35,2547541,J105,junction,turning,911 918,910 919,"[[0.8, 0.2], [0.5, 0.5]]","[[1, 1], [2, 2]]",0.3
36,2547542,J108,junction,turning,919 926,918 927,"[[0.5, 0.5], [0.2, 0.8]]","[[1, 1], [2, 2]]",0.3
37,2642376,J22,junction,turning,946 966 983,956 965 967,"[[0.4, 0.4, 0.2], [0.1, 0.1, 0.8], [0.4, 0.4, 0.2]]","[[1, 1, 1], [2, 2, 2], [3, 3, 3]]",0.3
38,2644154,J276,junction,turning,678 779 793,679 780 792,"[[0.4, 0.4, 0.2], [0.4, 0.4, 0.2], [0.1, 0.1, 0.8]]","[[1, 1, 1], [2, 2, 2], [3, 3, 3]]",0.3
39,2644169,J327,junction,turning,671 1260,672 1259,"[[0.8, 0.2], [0.2, 0.8]]","[[1, 1], [2, 2]]",0.3
40,2644279,J273,junction,turning,792 1284,793 1283,"[[0.8, 0.2], [0.2, 0.8]]","[[1, 1], [2, 2]]",0.3
41,2646686,J447,junction,turning,471 484 485,470 482 483,"[[0.4, 0.4, 0.2], [0.1, 0.1, 0.8], [0.4, 0.4, 0.2]]","[[1, 1, 1], [2, 2, 2], [3, 3, 3]]",0.3
42,2646723,J461,junction,turning,483 1300,484 1299,"[[0.8, 0.2], [0.2, 0.8]]","[[1, 1], [2, 2]]",0.3
43,2646754,J500,junction,turning,477 487,478 481,"[[0.5, 0.5], [0.5, 0.5]]","[[2, 2], [1, 1]]",0.3
44,2646758,J380,junction,turning,600 616,601 615,"[[0.5, 0.5], [0.5, 0.5]]","[[1, 1], [2, 2]]",0.3
45,2646761,J389,junction,turning,584 587 590,585 586 588,"[[0.4, 0.4, 0.2], [0.4, 0.4, 0.2], [0.1, 0.1, 0.8]]","[[1, 1, 1], [2, 2, 2], [3, 3, 3]]",0.3
46,2646762,J388,junction,turning,588 1271,590 1272,"[[0.8, 0.2], [0.2, 0.8]]","[[1, 1], [2, 2]]",0.3
47,2646769,J434,junction,turning,613 618,614 617,"[[0.5, 0.5], [0.5, 0.5]]","[[1, 1], [2, 2]]",0.3
48,2647256,J656,junction,turning,195 213 230,194 208 214,"[[0.4, 0.2, 0.4], [0.4, 0.2, 0.4], [0.1, 0.8, 0.1]]","[[1, 1, 1], [2, 2, 2], [3, 3, 3]]",0.3
49,2647261,J670,junction,turning,197 203 210,196 204 209,"[[0.8, 0.1, 0.1], [0.2, 0.4, 0.4], [0.2, 0.4, 0.4]]","[[1, 1, 1], [2, 2, 2], [3, 3, 3]]",0.3
50,2647291,J700,junction,turning,192 1258,193 1257,"[[0.8, 0.2], [0.2, 0.8]]","[[1, 1], [2, 2]]",0.3
51,2648051,J740,junction,turning,62 92 95,74 89 90,"[[0.4, 0.4, 0.2], [0.4, 0.4, 0.2], [0.1, 0.1, 0.8]]","[[1, 1, 1], [2, 2, 2], [3, 3, 3]]",0.3
52,2648052,J734,junction,turning,89 90,92 95,"[[0.8, 0.2], [0.2, 0.8]]","[[1, 1], [2, 2]]",0.3
53,2648060,J671,junction,turning,126 141 171,127 139 140,"[[0.4, 0.4, 0.2], [0.1, 0.1, 0.8], [0.4, 0.4, 0.2]]","[[1, 1, 1], [2, 2, 2], [3, 3, 3]]",0.3
54,2648102,J686,junction,turning,139 163 180,168 171 173,"[[0.1, 0.8, 0.1], [0.4, 0.2, 0.4], [0.4, 0.2, 0.4]]","[[1, 1, 1], [2, 2, 2], [3, 3, 3]]",0.3
55,2648106,J585,junction,turning,247 249 251,248 250 252,"[[0.1, 0.8, 0.1], [0.4, 0.2, 0.4], [0.4, 0.2, 0.4]]","[[1, 1, 1], [2, 2, 2], [3, 3, 3]]",0.3
56,2670204,J547,junction,turning,366 372,368 369,"[[0.8, 0.2], [0.5, 0.5]]","[[1, 1], [2, 2]]",0.3
57,2670206,J582,junction,turning,252 265,251 261,"[[0.8, 0.2], [0.5, 0.5]]","[[1, 1], [2, 2]]",0.3
58,2670207,J589,junction,turning,248 259,249 258,"[[0.8, 0.2], [0.5, 0.5]]","[[1, 1], [2, 2]]",0.3
59,2670208,J608,junction,turning,255,256 264,"[[0.8, 0.2]]","[[1, 1]]",0.3
60,2670219,J496,junction,turning,434 440,438 439,"[[0.5, 0.5], [0.2, 0.8]]","[[1, 1], [2, 2]]",0.3
61,2672630,J727,junction,turning,31 32 47,33 34 35,"[[0.4, 0.2, 0.4], [0.1, 0.8, 0.1], [0.4, 0.2, 0.4]]","[[1, 1, 1], [2, 2, 2], [3, 3, 3]]",0.3
62,2672667,J719,junction,turning,51 1246,48 1245,"[[0.8, 0.2], [0.2, 0.8]]","[[1, 1], [2, 2]]",0.3
63,2735692,J569,junction,turning,199 201,198 200,"[[0.8, 0.2], [0.2, 0.8]]","[[1, 1], [2, 2]]",0.3
64,2735693,J566,junction,turning,198 200 348,199 201 347,"[[0.4, 0.2, 0.4], [0.1, 0.8, 0.1], [0.4, 0.2, 0.4]]","[[1, 1, 1], [2, 2, 2], [3, 3, 3]]",0.3
65,2735699,J545,junction,turning,351 365 376,350 352 353,"[[0.4, 0.4, 0.2], [0.4, 0.4, 0.2], [0.1, 0.1, 0.8]]","[[1, 1, 1], [2, 2, 2], [3, 3, 3]]",0.3
66,2736146,J529,junction,turning,448 453,450 451 452,"[[0.4, 0.4, 0.2], [0.4, 0.4, 0.2]]","[[1, 1, 1], [2, 2, 2]]",0.3
67,2736206,J445,junction,turning,1266 1270,1265 1269,"[[0.8, 0.2], [0.2, 0.8]]","[[1, 1], [2, 2]]",0.3
68,2736854,J505,junction,turning,469 1294,489 1293,"[[0.8, 0.2], [0.2, 0.8]]","[[1, 1], [2, 2]]",0.3
69,2736882,J332,junction,turning,666 1252,667 1251,"[[0.8, 0.2], [0.2, 0.8]]","[[1, 1], [2, 2]]",0.3
70,2739872,J630,junction,turning,308 1261 1268,307 1262 1267,"[[0.8, 0.1, 0.1], [0.1, 0.8, 0.1], [0.1, 0.1, 0.8]]","[[1, 1, 1], [2, 2, 2], [3, 3, 3]]",0.3
71,2745084,J715,junction,turning,44 1250,43 1249,"[[0.8, 0.2], [0.2, 0.8]]","[[1, 1], [2, 2]]",0.3
72,2745263,J717,junction,turning,43 1245,44 1246,"[[0.8, 0.2], [0.2, 0.8]]","[[1, 1], [2, 2]]",0.3
73,2813573,J49,junction,turning,1117 1122 1171,1118 1121 1136,"[[0.4, 0.2, 0.4], [0.1, 0.8, 0.1], [0.4, 0.2, 0.4]]","[[1, 1, 1], [2, 2, 2], [3, 3, 3]]",0.3
74,2814040,J651,junction,turning,184 1277,185 1278,"[[0.8, 0.2], [0.2, 0.8]]","[[1, 1], [2, 2]]",0.3
75,2815447,J626,junction,turning,290 1267,298 1268,"[[0.8, 0.2], [0.2, 0.8]]","[[1, 1], [2, 2]]",0.3
76,2815729,J726,junction,turning,111 1291,83 1292,"[[0.8, 0.2], [0.2, 0.8]]","[[1, 1], [2, 2]]",0.3
77,2815775,J237,junction,turning,736 739 759,737 738 756,"[[0.8, 0.1, 0.1], [0.2, 0.4, 0.4], [0.2, 0.4, 0.4]]","[[1, 1, 1], [2, 2, 2], [3, 3, 3]]",0.3
78,3067874,J290,junction,turning,745 1279,741 1280,"[[0.8, 0.2], [0.2, 0.8]]","[[1, 1], [2, 2]]",0.3
79,3078340,J79,junction,turning,1229 1230,1301,"[[1.0], [1.0]]","[[1], [2]]",0.3
80,3078485,J80,junction,turning,766 772,1302,"[[1.0], [1.0]]","[[1], [2]]",0.3
81,3078496,J81,junction,turning,904 906,1303,"[[1.0], [1.0]]","[[1], [2]]",0.3
82,3078505,J82,junction,turning,552 563,1304,"[[1.0], [1.0]]","[[1], [2]]",0.3
83,3078521,J83,junction,turning,88 102,1305,"[[1.0], [1.0]]","[[1], [2]]",0.3
84,3078524,J84,junction,turning,138 142,1306,"[[1.0], [1.0]]","[[1], [2]]",0.3
85,3083404,J85,junction,turning,569 572,1307,"[[1.0], [1.0]]","[[1], [2]]",0.3
86,3083594,J86,junction,turning,438 442,1308,"[[1.0], [1.0]]","[[1], [2]]",0.3
87,3101148,J565,junction,turning,254 273 358,253 361 374,"[[0.4, 0.4, 0.2], [0.1, 0.1, 0.8], [0.4, 0.4, 0.2]]","[[1, 1, 1], [2, 2, 2], [3, 3, 3]]",0.3
88,3101150,J581,junction,turning,271 277 374,270 272 273,"[[0.4, 0.4, 0.2], [0.4, 0.4, 0.2], [0.1, 0.1, 0.8]]","[[1, 1, 1], [2, 2, 2], [3, 3, 3]]",0.3
89,3142193,J446,junction,turning,522 1269,497 1270,"[[0.8, 0.2], [0.2, 0.8]]","[[1, 1], [2, 2]]",0.3
90,3182400,J133,junction,turning,1013 1014,1029,"[[1.0], [1.0]]","[[1], [2]]",0.3
91,3204070,J409,junction,turning,495 1244,623 1243,"[[0.8, 0.2], [0.2, 0.8]]","[[1, 1], [2, 2]]",0.3
92,3225774,J77,junction,turning,1114 1116 1151,1126 1148 1150,"[[0.4, 0.2, 0.4], [0.1, 0.8, 0.1], [0.4, 0.2, 0.4]]","[[1, 1, 1], [3, 3, 3], [2, 2, 2]]",0.3
93,3225781,J41,junction,turning,1173 1288,1174 1287,"[[0.8, 0.2], [0.2, 0.8]]","[[1, 1], [2, 2]]",0.3
94,3289385,J94,junction,turning,131 132,1309,"[[1.0], [1.0]]","[[1], [2]]",0.3
95,3289393,J95,junction,turning,56 58,1310,"[[1.0], [1.0]]","[[1], [2]]",0.3
96,3289395,J96,junction,turning,65 67,1311,"[[1.0], [1.0]]","[[1], [2]]",0.3
97,3289405,J97,junction,turning,115 116,1312,"[[1.0], [1.0]]","[[1], [2]]",0.3
98,3289782,J98,junction,turning,782 784,1313,"[[1.0], [1.0]]","[[1], [2]]",0.3
99,3289793,J99,junction,turning,796 797,1314,"[[1.0], [1.0]]","[[1], [2]]",0.3
100,3289802,J100,junction,turning,742 743,1315,"[[1.0], [1.0]]","[[1], [2]]",0.3
101,3289806,J101,junction,turning,749 750,1316,"[[1.0], [1.0]]","[[2], [1]]",0.3
102,3289896,J102,junction,turning,472 474,1317,"[[1.0], [1.0]]","[[1], [2]]",0.3
103,3289900,J103,junction,turning,464 466,1318,"[[1.0], [1.0]]","[[1], [2]]",0.3
104,3289907,J104,junction,turning,560 561,1319,"[[1.0], [1.0]]","[[1], [2]]",0.3
105,3289915,J105,junction,turning,855 859,1320,"[[1.0], [1.0]]","[[2], [1]]",0.3
106,3290217,J106,junction,turning,943 952,1321,"[[1.0], [1.0]]","[[1], [2]]",0.3
107,3290220,J107,junction,turning,951 955,1322,"[[1.0], [1.0]]","[[1], [2]]",0.3
108,3290226,J108,junction,turning,961 968,1323,"[[1.0], [1.0]]","[[1], [2]]",0.3
109,3290230,J109,junction,turning,975 1007,1324,"[[1.0], [1.0]]","[[1], [2]]",0.3
110,3290238,J110,junction,turning,987 995,1325,"[[1.0], [1.0]]","[[1], [2]]",0.3
111,3290243,J111,junction,turning,1000 1001,1326,"[[1.0], [1.0]]","[[2], [1]]",0.3
112,3290936,J112,junction,turning,1005 1021,1327,"[[1.0], [1.0]]","[[1], [2]]",0.3
113,3290940,J113,junction,turning,1028 1030,1328,"[[1.0], [1.0]]","[[1], [2]]",0.3
114,3291645,J114,junction,turning,1086 1089,1329,"[[1.0], [1.0]]","[[1], [2]]",0.3
115,3291787,J115,junction,turning,1209 1214,1330,"[[1.0], [1.0]]","[[1], [2]]",0.3
116,3291789,J116,junction,turning,1212 1213,1331,"[[1.0], [1.0]]","[[1], [2]]",0.3
117,3291799,J117,junction,turning,902 903,1332,"[[1.0], [1.0]]","[[1], [2]]",0.3
118,3291800,J118,junction,turning,895 897,1333,"[[1.0], [1.0]]","[[1], [2]]",0.3
119,3291808,J119,junction,turning,1235 1237,1334,"[[1.0], [1.0]]","[[1], [2]]",0.3
120,3291810,J120,junction,turning,1234 1236,1335,"[[1.0], [1.0]]","[[1], [2]]",0.3
121,3291816,J121,junction,turning,1135 1140,1336,"[[1.0], [1.0]]","[[1], [2]]",0.3
122,3291818,J122,junction,turning,1144 1147,1337,"[[1.0], [1.0]]","[[1], [2]]",0.3
123,3294286,J123,junction,turning,880 882,1338,"[[1.0], [1.0]]","[[1], [2]]",0.3
124,3294427,J124,junction,turning,596 599,1339,"[[1.0], [1.0]]","[[1], [2]]",0.3
125,3294435,J125,junction,turning,589 594,1340,"[[1.0], [1.0]]","[[1], [2]]",0.3
126,3294450,J126,junction,turning,378 379,1341,"[[1.0], [1.0]]","[[1], [2]]",0.3
127,3311936,J46,junction,turning,1194 1256 1287,1193 1255 1288,"[[0.8, 0.1, 0.1], [0.1, 0.8, 0.1], [0.1, 0.1, 0.8]]","[[1, 1, 1], [2, 2, 2], [3, 3, 3]]",0.3
128,3342390,J79,junction,turning,1178 1190,1168 1188,"[[0.8, 0.2], [0.5, 0.5]]","[[1, 1], [2, 2]]",0.3
129,3342394,J69,junction,turning,1177 1192,1181 1185,"[[0.8, 0.2], [0.5, 0.5]]","[[1, 1], [2, 2]]",0.3
130,3342422,J130,junction,turning,1105 1112,1342,"[[1.0], [1.0]]","[[1], [2]]",0.3
131,3342425,J131,junction,turning,1111 1123,1343,"[[1.0], [1.0]]","[[1], [2]]",0.3
132,3342429,J80,junction,turning,1220,1196 1197,"[[0.2, 0.8]]","[[1, 1]]",0.3
133,3342457,J133,junction,turning,1188 1191,1344,"[[1.0], [1.0]]","[[1], [2]]",0.3
134,3342460,J91,junction,turning,1107 1126,1112 1114,"[[0.5, 0.5], [0.2, 0.8]]","[[2, 2], [1, 1]]",0.3
135,3342466,J135,junction,turning,1167 1170,1345,"[[1.0], [1.0]]","[[1], [2]]",0.3
136,3342467,J136,junction,turning,1185 1189,1346,"[[1.0], [1.0]]","[[1], [2]]",0.3
137,3342487,J72,junction,turning,1216,1195 1198,"[[0.2, 0.8]]","[[1, 1]]",0.3
138,3342493,J65,junction,turning,1150,1151 1161,"[[0.8, 0.2]]","[[1, 1]]",0.3
139,3342501,J139,junction,turning,1099 1104,1347,"[[1.0], [1.0]]","[[1], [2]]",0.3
140,3342502,J58,junction,turning,1169 1176,1170 1175,"[[0.5, 0.5], [0.2, 0.8]]","[[1, 1], [2, 2]]",0.3
141,3342505,J64,junction,turning,1181,1172 1177,"[[0.2, 0.8]]","[[1, 1]]",0.3
142,3551002,J330,junction,turning,670 1259,669 1260,"[[0.8, 0.2], [0.2, 0.8]]","[[1, 1], [2, 2]]",0.3
143,3581603,J90,junction,turning,1168 1184,1178 1182 1183,"[[0.4, 0.4, 0.2], [0.4, 0.4, 0.2]]","[[1, 1, 1], [2, 2, 2]]",0.3
144,3587470,J142,junction,turning,1076 1085,1059 1062,"[[0.2, 0.8], [0.8, 0.2]]","[[1, 1], [2, 2]]",0.3
145,3596884,J417,junction,turning,492 1282,493 1281,"[[0.8, 0.2], [0.2, 0.8]]","[[1, 1], [2, 2]]",0.3
146,3605101,J146,junction,turning,845 1059,1050,"[[1.0], [1.0]]","[[1], [2]]",0.3
147,3642193,J02,junction,turning,979 1290,978 1289,"[[0.8, 0.2], [0.2, 0.8]]","[[1, 1], [2, 2]]",0.3
148,3748282,J714,junction,turning,49 1249,50 1250,"[[0.8, 0.2], [0.2, 0.8]]","[[1, 1], [2, 2]]",0.3
149,3770650,J728,junction,turning,34 1285,32 1286,"[[0.8, 0.2], [0.2, 0.8]]","[[1, 1], [2, 2]]",0.3
150,3822510,J591,junction,turning,302 318 325,301 317 326,"[[0.8, 0.1, 0.1], [0.2, 0.4, 0.4], [0.2, 0.4, 0.4]]","[[1, 1, 1], [2, 2, 2], [3, 3, 3]]",0.3
151,3822554,J697,junction,turning,215 1257,206 1258,"[[0.8, 0.2], [0.2, 0.8]]","[[1, 1], [2, 2]]",0.3
152,3921005,J278,junction,turning,620 1248,1247,"[[1.0], [1.0]]","[[1], [2]]",0.3
153,3921008,J407,junction,turning,461 1253,1254,"[[1.0], [1.0]]","[[1], [2]]",0.3
154,3921009,J510,junction,turning,1298,461 1297,"[[0.2, 0.8]]","[[1, 1]]",0.3
155,3921011,J279,junction,turning,1247 1283,619 1248 1284,"[[0.1, 0.8, 0.1], [0.1, 0.1, 0.8]]","[[1, 1, 1], [2, 2, 2]]",0.3
156,3966853,J586,junction,turning,303 317 337,318 328 331,"[[0.4, 0.4, 0.2], [0.4, 0.4, 0.2], [0.1, 0.1, 0.8]]","[[1, 1, 1], [2, 2, 2], [3, 3, 3]]",0.3
157,3966867,J451,junction,turning,1265 1273,1266 1274,"[[0.8, 0.2], [0.2, 0.8]]","[[1, 1], [2, 2]]",0.3
158,3966870,J522,junction,turning,305 1297,304 1298,"[[0.8, 0.2], [0.2, 0.8]]","[[1, 1], [2, 2]]",0.3
159,4004427,J319,junction,turning,494,701 720,"[[0.8, 0.2]]","[[1, 1]]",0.3
160,4021138,J358,junction,turning,621,501 640,"[[0.8, 0.2]]","[[1, 1]]",0.3
161,451438,J05,junction,turning,915 923 928,920 922 925,"[[0.8, 0.1, 0.1], [0.2, 0.4, 0.4], [0.2, 0.4, 0.4]]","[[1, 1, 1], [2, 2, 2], [3, 3, 3]]",0.3
162,451450,J06,junction,turning,997 1019,1004 1005,"[[0.8, 0.2], [0.5, 0.5]]","[[1, 1], [2, 2]]",0.3
163,451463,J07,junction,turning,959 978 1004,958 979 997,"[[0.4, 0.2, 0.4], [0.1, 0.8, 0.1], [0.4, 0.2, 0.4]]","[[1, 1, 1], [2, 2, 2], [3, 3, 3]]",0.3
164,451469,J08,junction,turning,925 941,928 942,"[[0.8, 0.2], [0.5, 0.5]]","[[1, 1], [2, 2]]",0.3
165,451476,J09,junction,turning,1045,1040 1044,"[[0.2, 0.8]]","[[1, 1]]",0.3
166,451507,J13,junction,turning,942 958,941 959,"[[0.5, 0.5], [0.2, 0.8]]","[[1, 1], [2, 2]]",0.3
167,451508,J12,junction,turning,1044 1054 1153,1045 1083 1084,"[[0.4, 0.2, 0.4], [0.1, 0.8, 0.1], [0.4, 0.2, 0.4]]","[[1, 1, 1], [2, 2, 2], [3, 3, 3]]",0.3
168,451750,J30,junction,turning,945 1035 1048,948 1020 1022,"[[0.4, 0.2, 0.4], [0.1, 0.8, 0.1], [0.4, 0.2, 0.4]]","[[1, 1, 1], [2, 2, 2], [3, 3, 3]]",0.3
169,451777,J33,junction,turning,1022 1075 1083,1048 1053 1054,"[[0.8, 0.1, 0.1], [0.2, 0.4, 0.4], [0.2, 0.4, 0.4]]","[[1, 1, 1], [2, 2, 2], [3, 3, 3]]",0.3
170,451820,J39,junction,turning,916 930 937,924 929 933,"[[0.4, 0.2, 0.4], [0.1, 0.8, 0.1], [0.4, 0.2, 0.4]]","[[1, 1, 1], [2, 2, 2], [3, 3, 3]]",0.3
171,451873,J50,junction,turning,1020 1033 1039,1032 1035 1038,"[[0.2, 0.4, 0.4], [0.8, 0.1, 0.1], [0.2, 0.4, 0.4]]","[[1, 1, 1], [2, 2, 2], [3, 3, 3]]",0.3
172,451894,J53,junction,turning,1102 1118 1148,1101 1116 1117,"[[0.8, 0.1, 0.1], [0.2, 0.4, 0.4], [0.2, 0.4, 0.4]]","[[1, 1, 1], [2, 2, 2], [3, 3, 3]]",0.3
173,451996,J67,junction,turning,970 1009 1023,985 1010 1015,"[[0.4, 0.2, 0.4], [0.1, 0.8, 0.1], [0.4, 0.2, 0.4]]","[[1, 1, 1], [2, 2, 2], [3, 3, 3]]",0.3
174,452007,J68,junction,turning,1201 1207 1219,1205 1206 1208,"[[0.4, 0.4, 0.2], [0.4, 0.4, 0.2], [0.1, 0.1, 0.8]]","[[1, 1, 1], [2, 2, 2], [3, 3, 3]]",0.3
175,452039,J75,junction,turning,917 989 1024,980 988 990,"[[0.4, 0.4, 0.2], [0.4, 0.4, 0.2], [0.1, 0.1, 0.8]]","[[1, 1, 1], [2, 2, 2], [3, 3, 3]]",0.3
176,452162,J83,junction,turning,1187 1204 1205,1201 1202 1203,"[[0.4, 0.4, 0.2], [0.1, 0.1, 0.8], [0.4, 0.4, 0.2]]","[[1, 1, 1], [2, 2, 2], [3, 3, 3]]",0.3
177,452387,J109,junction,turning,976 991 1055,1027 1031 1034,"[[0.4, 0.2, 0.4], [0.1, 0.8, 0.1], [0.4, 0.2, 0.4]]","[[1, 1, 1], [2, 2, 2], [3, 3, 3]]",0.3
178,452450,J117,junction,turning,1125 1134,1130 1131,"[[0.5, 0.5], [0.8, 0.2]]","[[1, 1], [2, 2]]",0.3
179,452456,J118,junction,turning,938 950 953,947 949 951,"[[0.8, 0.1, 0.1], [0.1, 0.8, 0.1], [0.3333333333333333, 0.3333333333333333, 0.3333333333333333]]","[[1, 1, 1], [2, 2, 2], [3, 3, 3]]",0.3
180,452474,J120,junction,turning,949 963,950 962,"[[0.8, 0.2], [0.5, 0.5]]","[[1, 1], [2, 2]]",0.3
181,452524,J128,junction,turning,1130,1134 1137,"[[0.8, 0.2]]","[[1, 1]]",0.3
182,452563,J130,junction,turning,1077 1091,1085 1092,"[[0.5, 0.5], [0.5, 0.5]]","[[1, 1], [2, 2]]",0.3
183,452568,J131,junction,turning,1109 1139,1108 1135,"[[0.8, 0.2], [0.5, 0.5]]","[[1, 1], [2, 2]]",0.3
184,452576,J132,junction,turning,1197 1233,1220 1229,"[[0.8, 0.2], [0.5, 0.5]]","[[1, 1], [2, 2]]",0.3
185,452600,J134,junction,turning,977 1006,940,"[[1.0], [1.0]]","[[1], [2]]",0.3
186,452616,J136,junction,turning,1092 1095 1103,1091 1093 1094,"[[0.4, 0.4, 0.2], [0.4, 0.4, 0.2], [0.1, 0.1, 0.8]]","[[1, 1, 1], [2, 2, 2], [3, 3, 3]]",0.3
187,452638,J141,junction,turning,982,1013,[[1.0]],[[1]],0.3
188,452653,J144,junction,turning,1231 1239,1237 1238,"[[0.5, 0.5], [0.2, 0.8]]","[[1, 1], [2, 2]]",0.3
189,452654,J145,junction,turning,1094 1108 1113,1103 1109 1110,"[[0.8, 0.1, 0.1], [0.2, 0.4, 0.4], [0.2, 0.4, 0.4]]","[[1, 1, 1], [2, 2, 2], [3, 3, 3]]",0.3
190,452671,J147,junction,turning,999,984 992,"[[0.8, 0.2]]","[[1, 1]]",0.3
191,452690,J153,junction,turning,984,944 960,"[[0.8, 0.2]]","[[1, 1]]",0.3
192,452692,J155,junction,turning,1154 1159 1179,1157 1158 1160,"[[0.3333333333333333, 0.3333333333333333, 0.3333333333333333], [0.1, 0.1, 0.8], [0.1, 0.8, 0.1]]","[[1, 1, 1], [2, 2, 2], [3, 3, 3]]",0.3
193,452729,J163,junction,turning,1037,1012 1014,"[[0.8, 0.2]]","[[1, 1]]",0.3
194,452732,J164,junction,turning,888 1158 1160,884 1159 1179,"[[0.4, 0.4, 0.2], [0.1, 0.1, 0.8], [0.4, 0.4, 0.2]]","[[1, 1, 1], [2, 2, 2], [3, 3, 3]]",0.3
195,452734,J165,junction,turning,1090,1087 1088,"[[0.2, 0.8]]","[[1, 1]]",0.3
196,452741,J168,junction,turning,939 957 986,969 971 972,"[[0.4, 0.2, 0.4], [0.1, 0.8, 0.1], [0.4, 0.2, 0.4]]","[[1, 1, 1], [2, 2, 2], [3, 3, 3]]",0.3
197,452753,J170,junction,turning,972 993,986 987,"[[0.8, 0.2], [0.5, 0.5]]","[[1, 1], [2, 2]]",0.3
198,452764,J171,junction,turning,998 1046,1001 1003,"[[0.5, 0.5], [0.2, 0.8]]","[[1, 1], [2, 2]]",0.3
199,452804,J199,junction,turning,871 872 876,871 872 877,"[[0.3333333333333333, 0.3333333333333333, 0.3333333333333333], [0.3333333333333333, 0.3333333333333333, 0.3333333333333333], [0.3333333333333333, 0.3333333333333333, 0.3333333333333333]]","[[1, 1, 1], [2, 2, 2], [3, 3, 3]]",0.3
200,452806,J176,junction,turning,884 898,888 895,"[[0.8, 0.2], [0.5, 0.5]]","[[1, 1], [2, 2]]",0.3
201,452839,J182,junction,turning,846 848 866,853 854,"[[0.5, 0.5], [0.5, 0.5], [0.5, 0.5]]","[[1, 1], [2, 2], [3, 3]]",0.3
202,452850,J185,junction,turning,820 901,906 908,"[[0.2, 0.8], [0.5, 0.5]]","[[1, 1], [2, 2]]",0.3
203,452880,J189,junction,turning,860,874 878,"[[0.8, 0.2]]","[[1, 1]]",0.3
204,452911,J195,junction,turning,854 864 875,866 867 868,"[[0.4, 0.4, 0.2], [0.4, 0.4, 0.2], [0.1, 0.1, 0.8]]","[[1, 1, 1], [2, 2, 2], [3, 3, 3]]",0.3
205,452960,J200,junction,turning,851,850 852,"[[0.2, 0.8]]","[[1, 1]]",0.3
206,452969,J202,junction,turning,858 874,859 860,"[[0.5, 0.5], [0.2, 0.8]]","[[1, 1], [2, 2]]",0.3
207,452981,J203,junction,turning,740,856 857,"[[0.8, 0.2]]","[[1, 1]]",0.3
208,453109,J213,junction,turning,817 863 896,887 889 890,"[[0.1, 0.1, 0.8], [0.4, 0.4, 0.2], [0.4, 0.4, 0.2]]","[[1, 1, 1], [2, 2, 2], [3, 3, 3]]",0.3
209,453134,J218,junction,turning,889 892 899,891 896 900,"[[0.2, 0.4, 0.4], [0.8, 0.1, 0.1], [0.2, 0.4, 0.4]]","[[1, 1, 1], [2, 2, 2], [3, 3, 3]]",0.3
210,453136,J219,junction,turning,873 891 893,879 892 894,"[[0.4, 0.2, 0.4], [0.1, 0.8, 0.1], [0.4, 0.2, 0.4]]","[[1, 1, 1], [2, 2, 2], [3, 3, 3]]",0.3
211,453164,J225,junction,turning,764 785 788,763 786 787,"[[0.4, 0.4, 0.2], [0.4, 0.4, 0.2], [0.1, 0.1, 0.8]]","[[1, 1, 1], [2, 2, 2], [3, 3, 3]]",0.3
212,453165,J226,junction,turning,758 769 856,740 767 770,"[[0.1, 0.8, 0.1], [0.4, 0.2, 0.4], [0.4, 0.2, 0.4]]","[[1, 1, 1], [2, 2, 2], [3, 3, 3]]",0.3
213,453191,J230,junction,turning,770 794,769 782,"[[0.8, 0.2], [0.5, 0.5]]","[[1, 1], [2, 2]]",0.3
214,453209,J233,junction,turning,786 803 824,785 804 805,"[[0.4, 0.4, 0.2], [0.4, 0.4, 0.2], [0.1, 0.1, 0.8]]","[[1, 1, 1], [2, 2, 2], [3, 3, 3]]",0.3
215,453212,J238,junction,turning,795,783 789,"[[0.8, 0.2]]","[[1, 1]]",0.3
216,453213,J236,junction,turning,805 810 823 838,824 830 836 837,"[[0.4, 0.1, 0.1, 0.4], [0.1, 0.4, 0.4, 0.1], [0.1, 0.4, 0.4, 0.1], [0.4, 0.1, 0.1, 0.4]]","[[1, 1, 1, 1], [2, 2, 2, 2], [3, 3, 3, 3], [4, 4, 4, 4]]",0.3
217,453251,J242,junction,turning,800,799 801,"[[0.2, 0.8]]","[[1, 1]]",0.3
218,453252,J243,junction,turning,804 806 821 830,803 807 822 823,"[[0.4, 0.1, 0.4, 0.1], [0.1, 0.4, 0.1, 0.4], [0.4, 0.1, 0.4, 0.1], [0.1, 0.4, 0.1, 0.4]]","[[1, 1, 1, 1], [2, 2, 2, 2], [3, 3, 3, 3], [4, 4, 4, 4]]",0.3
219,453260,J245,junction,turning,801 807 808,800 806 809,"[[0.4, 0.2, 0.4], [0.1, 0.8, 0.1], [0.4, 0.2, 0.4]]","[[1, 1, 1], [2, 2, 2], [3, 3, 3]]",0.3
220,453278,J247,junction,turning,762 771,761 766,"[[0.8, 0.2], [0.5, 0.5]]","[[1, 1], [2, 2]]",0.3
221,453300,J250,junction,turning,746 756 761,751 759 762,"[[0.4, 0.2, 0.4], [0.1, 0.8, 0.1], [0.4, 0.2, 0.4]]","[[1, 1, 1], [3, 3, 3], [2, 2, 2]]",0.3
222,453310,J253,junction,turning,827 831 835,832 833 834,"[[0.2, 0.4, 0.4], [0.8, 0.1, 0.1], [0.2, 0.4, 0.4]]","[[1, 1, 1], [2, 2, 2], [3, 3, 3]]",0.3
223,453321,J256,junction,turning,834 839 842,835 840 841,"[[0.4, 0.4, 0.2], [0.4, 0.4, 0.2], [0.1, 0.1, 0.8]]","[[1, 1, 1], [2, 2, 2], [3, 3, 3]]",0.3
224,453354,J262,junction,turning,755 773 780,760 774 779,"[[0.8, 0.1, 0.1], [0.2, 0.4, 0.4], [0.2, 0.4, 0.4]]","[[1, 1, 1], [2, 2, 2], [3, 3, 3]]",0.3
225,453356,J263,junction,turning,730 832 840,728 831 839,"[[0.4, 0.4, 0.2], [0.4, 0.4, 0.2], [0.1, 0.1, 0.8]]","[[1, 1, 1], [2, 2, 2], [3, 3, 3]]",0.3
226,453360,J264,junction,turning,751,744 746,"[[0.2, 0.8]]","[[1, 1]]",0.3
227,453364,J265,junction,turning,816 829,815 828,"[[0.8, 0.2], [0.5, 0.5]]","[[1, 1], [2, 2]]",0.3
228,453397,J272,junction,turning,675 747,750 752,"[[0.2, 0.8], [0.5, 0.5]]","[[1, 1], [2, 2]]",0.3
229,453430,J281,junction,turning,717 721 729,716 726 727,"[[0.4, 0.2, 0.4], [0.1, 0.8, 0.1], [0.4, 0.2, 0.4]]","[[1, 1, 1], [2, 2, 2], [3, 3, 3]]",0.3
230,453486,J292,junction,turning,713 723 726,712 721 722,"[[0.4, 0.4, 0.2], [0.1, 0.1, 0.8], [0.4, 0.4, 0.2]]","[[1, 1, 1], [2, 2, 2], [3, 3, 3]]",0.3
231,453491,J294,junction,turning,690 752,675 677,"[[0.5, 0.5], [0.8, 0.2]]","[[1, 1], [2, 2]]",0.3
232,453496,J297,junction,turning,708 712 714,707 713 715,"[[0.4, 0.4, 0.2], [0.4, 0.4, 0.2], [0.1, 0.1, 0.8]]","[[1, 1, 1], [2, 2, 2], [3, 3, 3]]",0.3
233,453498,J298,junction,turning,691 707 802,699 702 708,"[[0.2, 0.4, 0.4], [0.2, 0.4, 0.4], [0.8, 0.1, 0.1]]","[[1, 1, 1], [2, 2, 2], [3, 3, 3]]",0.3
234,453522,J307,junction,turning,683 709 754,668 673 674,"[[0.4, 0.2, 0.4], [0.1, 0.8, 0.1], [0.4, 0.2, 0.4]]","[[1, 1, 1], [2, 2, 2], [3, 3, 3]]",0.3
235,453528,J309,junction,turning,687 703,692 696,"[[0.5, 0.5], [0.2, 0.8]]","[[2, 2], [1, 1]]",0.3
236,453700,J322,junction,turning,625 673 696,703 709 710,"[[0.4, 0.2, 0.4], [0.1, 0.8, 0.1], [0.4, 0.2, 0.4]]","[[1, 1, 1], [3, 3, 3], [2, 2, 2]]",0.3
237,453719,J324,junction,turning,672 680 711,671 681 684,"[[0.4, 0.2, 0.4], [0.1, 0.8, 0.1], [0.4, 0.2, 0.4]]","[[1, 1, 1], [2, 2, 2], [3, 3, 3]]",0.3
238,453733,J326,junction,turning,643 648 733,642 731 732,"[[0.4, 0.4, 0.2], [0.4, 0.4, 0.2], [0.1, 0.1, 0.8]]","[[1, 1, 1], [2, 2, 2], [3, 3, 3]]",0.3
239,453814,J338,junction,turning,649 661 662,655 663 664,"[[0.8, 0.1, 0.1], [0.1, 0.8, 0.1], [0.3333333333333333, 0.3333333333333333, 0.3333333333333333]]","[[1, 1, 1], [2, 2, 2], [3, 3, 3]]",0.3
240,453827,J339,junction,turning,644 655 731,647 648 649,"[[0.4, 0.2, 0.4], [0.4, 0.2, 0.4], [0.1, 0.8, 0.1]]","[[1, 1, 1], [2, 2, 2], [3, 3, 3]]",0.3
241,453855,J344,junction,turning,642 646 647,643 644 645,"[[0.4, 0.4, 0.2], [0.1, 0.1, 0.8], [0.4, 0.4, 0.2]]","[[1, 1, 1], [2, 2, 2], [3, 3, 3]]",0.3
242,453862,J346,junction,turning,658 659 663,660 661,"[[0.5, 0.5], [0.5, 0.5], [0.5, 0.5]]","[[1, 1], [2, 2], [3, 3]]",0.3
243,453872,J350,junction,turning,657 660,656 658 659,"[[0.3333333333333333, 0.3333333333333333, 0.3333333333333333], [0.1, 0.8, 0.1]]","[[1, 1, 1], [2, 2, 2]]",0.3
244,453894,J352,junction,turning,653 656,652 657,"[[0.8, 0.2], [0.5, 0.5]]","[[1, 1], [2, 2]]",0.3
245,453941,J354,junction,turning,573 592 652,651 653 654,"[[0.8, 0.1, 0.1], [0.2, 0.4, 0.4], [0.2, 0.4, 0.4]]","[[1, 1, 1], [2, 2, 2], [3, 3, 3]]",0.3
246,453959,J355,junction,turning,634 710,625 627,"[[0.5, 0.5], [0.8, 0.2]]","[[1, 1], [2, 2]]",0.3
247,454018,J363,junction,turning,622 682 686,685 704 705,"[[0.4, 0.2, 0.4], [0.1, 0.8, 0.1], [0.4, 0.2, 0.4]]","[[1, 1, 1], [2, 2, 2], [3, 3, 3]]",0.3
248,454058,J368,junction,turning,654,592 593,"[[0.8, 0.2]]","[[1, 1]]",0.3
249,454096,J374,junction,turning,578,579 580,"[[0.8, 0.2]]","[[1, 1]]",0.3
250,454108,J376,junction,turning,559 568,556 558,"[[0.5, 0.5], [0.2, 0.8]]","[[1, 1], [2, 2]]",0.3
251,454113,J375,junction,turning,595 601,599 600,"[[0.5, 0.5], [0.2, 0.8]]","[[1, 1], [2, 2]]",0.3
252,454131,J379,junction,turning,585 591,584 589,"[[0.8, 0.2], [0.5, 0.5]]","[[1, 1], [2, 2]]",0.3
253,454208,J387,junction,turning,498 509,504 508,"[[0.5, 0.5], [0.2, 0.8]]","[[1, 1], [2, 2]]",0.3
254,454268,J396,junction,turning,528 542,534 538,"[[0.5, 0.5], [0.2, 0.8]]","[[1, 1], [2, 2]]",0.3
255,454292,J399,junction,turning,517 524,521 523,"[[0.8, 0.2], [0.5, 0.5]]","[[1, 1], [2, 2]]",0.3
256,454309,J400,junction,turning,506 518 521,510 511 517,"[[0.3333333333333333, 0.3333333333333333, 0.3333333333333333], [0.3333333333333333, 0.3333333333333333, 0.3333333333333333], [0.1, 0.1, 0.8]]","[[3, 3, 3], [1, 1, 1], [2, 2, 2]]",0.3
257,454341,J404,junction,turning,511 520,518 519,"[[0.5, 0.5], [0.2, 0.8]]","[[1, 1], [2, 2]]",0.3
258,454372,J411,junction,turning,565 566 576,570 574 575,"[[0.4, 0.4, 0.2], [0.4, 0.4, 0.2], [0.1, 0.1, 0.8]]","[[1, 1, 1], [2, 2, 2], [3, 3, 3]]",0.3
259,454380,J413,junction,turning,583 602 607,604 605 606,"[[0.1, 0.8, 0.1], [0.4, 0.2, 0.4], [0.4, 0.2, 0.4]]","[[1, 1, 1], [2, 2, 2], [3, 3, 3]]",0.3
260,454402,J414,junction,turning,557 570,563 565,"[[0.5, 0.5], [0.2, 0.8]]","[[1, 1], [2, 2]]",0.3
261,454419,J416,junction,turning,507 519 543,520 533 535,"[[0.1, 0.8, 0.1], [0.4, 0.2, 0.4], [0.4, 0.2, 0.4]]","[[1, 1, 1], [2, 2, 2], [3, 3, 3]]",0.3
262,454423,J418,junction,turning,535,543 548,"[[0.8, 0.2]]","[[1, 1]]",0.3
263,454440,J420,junction,turning,554,553 555,"[[0.2, 0.8]]","[[1, 1]]",0.3
264,454497,J423,junction,turning,468 575 608,576 581 582,"[[0.1, 0.8, 0.1], [0.4, 0.2, 0.4], [0.4, 0.2, 0.4]]","[[1, 1, 1], [2, 2, 2], [3, 3, 3]]",0.3
265,454543,J429,junction,turning,609 612,610 611,"[[0.8, 0.2], [0.5, 0.5]]","[[1, 1], [2, 2]]",0.3
266,454555,J432,junction,turning,611 614,612 613,"[[0.5, 0.5], [0.2, 0.8]]","[[1, 1], [2, 2]]",0.3
267,454576,J435,junction,turning,493 530 541,492 496 512,"[[0.8, 0.1, 0.1], [0.2, 0.4, 0.4], [0.2, 0.4, 0.4]]","[[1, 1, 1], [2, 2, 2], [3, 3, 3]]",0.3
268,454645,J443,junction,turning,482 491,485 486,"[[0.8, 0.2], [0.2, 0.8]]","[[1, 1], [2, 2]]",0.3
269,454724,J450,junction,turning,419 432 571,418 431 433,"[[0.1, 0.8, 0.1], [0.4, 0.2, 0.4], [0.4, 0.2, 0.4]]","[[1, 1, 1], [2, 2, 2], [3, 3, 3]]",0.3
270,454764,J457,junction,turning,470 489 581,468 469 471,"[[0.1, 0.1, 0.8], [0.4, 0.4, 0.2], [0.4, 0.4, 0.2]]","[[1, 1, 1], [2, 2, 2], [3, 3, 3]]",0.3
271,454774,J458,junction,turning,384 386 496 546,385 387 541 545,"[[0.4, 0.1, 0.4, 0.1], [0.1, 0.4, 0.1, 0.4], [0.4, 0.1, 0.4, 0.1], [0.1, 0.4, 0.1, 0.4]]","[[1, 1, 1, 1], [2, 2, 2, 2], [3, 3, 3, 3], [4, 4, 4, 4]]",0.3
272,454781,J460,junction,turning,515 537 545,516 536 546,"[[0.8, 0.1, 0.1], [0.2, 0.4, 0.4], [0.2, 0.4, 0.4]]","[[1, 1, 1], [2, 2, 2], [3, 3, 3]]",0.3
273,454800,J462,junction,turning,497 502 536,503 522 537,"[[0.1, 0.8, 0.1], [0.4, 0.2, 0.4], [0.4, 0.2, 0.4]]","[[1, 1, 1], [2, 2, 2], [3, 3, 3]]",0.3
274,454825,J463,junction,turning,433 436 476,432 454 456,"[[0.4, 0.2, 0.4], [0.1, 0.8, 0.1], [0.4, 0.2, 0.4]]","[[1, 1, 1], [2, 2, 2], [3, 3, 3]]",0.3
275,454910,J468,junction,turning,503 505 513 516,500 502 514 515,"[[0.06666666666666667, 0.8, 0.06666666666666667, 0.06666666666666667], [0.8, 0.06666666666666667, 0.06666666666666667, 0.06666666666666667], [0.1, 0.1, 0.4, 0.4], [0.1, 0.1, 0.4, 0.4]]","[[1, 1, 1, 1], [2, 2, 2, 2], [3, 3, 3, 3], [4, 4, 4, 4]]",0.3
276,454949,J471,junction,turning,514 532 547,513 525 526,"[[0.4, 0.2, 0.4], [0.1, 0.8, 0.1], [0.4, 0.2, 0.4]]","[[1, 1, 1], [2, 2, 2], [3, 3, 3]]",0.3
277,455001,J476,junction,turning,390 402 405,400 403 404,"[[0.4, 0.4, 0.2], [0.4, 0.4, 0.2], [0.1, 0.1, 0.8]]","[[1, 1, 1], [2, 2, 2], [3, 3, 3]]",0.3
278,455010,J477,junction,turning,382 525 526,383 532 547,"[[0.4, 0.2, 0.4], [0.1, 0.8, 0.1], [0.4, 0.2, 0.4]]","[[1, 1, 1], [2, 2, 2], [3, 3, 3]]",0.3
279,455061,J482,junction,turning,458 460,447,"[[1.0], [1.0]]","[[1], [2]]",0.3
280,455067,J484,junction,turning,459 463,460 462,"[[0.2, 0.8], [0.2, 0.8]]","[[1, 1], [2, 2]]",0.3
281,455082,J486,junction,turning,398 403 423,397 402 424,"[[0.8, 0.1, 0.1], [0.2, 0.4, 0.4], [0.2, 0.4, 0.4]]","[[1, 1, 1], [2, 2, 2], [3, 3, 3]]",0.3
282,455094,J487,junction,turning,462,463 467,"[[0.8, 0.2]]","[[1, 1]]",0.3
283,455099,J488,junction,turning,289,458 459,"[[0.2, 0.8]]","[[1, 1]]",0.3
284,455150,J491,junction,turning,446 465,445 464,"[[0.8, 0.2], [0.5, 0.5]]","[[1, 1], [2, 2]]",0.3
285,455174,J494,junction,turning,478,475 477,"[[0.2, 0.8]]","[[1, 1]]",0.3
286,455191,J495,junction,turning,401 409 414,406 410 413,"[[0.8, 0.1, 0.1], [0.2, 0.4, 0.4], [0.2, 0.4, 0.4]]","[[1, 1, 1], [2, 2, 2], [3, 3, 3]]",0.3
287,455202,J497,junction,turning,488 1293,490 1294,"[[0.8, 0.2], [0.2, 0.8]]","[[1, 1], [2, 2]]",0.3
288,455510,J513,junction,turning,407 427 443,437 441 444,"[[0.8, 0.1, 0.1], [0.2, 0.4, 0.4], [0.2, 0.4, 0.4]]","[[1, 1, 1], [2, 2, 2], [3, 3, 3]]",0.3
289,455557,J520,junction,turning,363 370,364 371,"[[0.5, 0.5], [0.2, 0.8]]","[[1, 1], [2, 2]]",0.3
290,455566,J521,junction,turning,309 313 321,314 320,"[[0.5, 0.5], [0.5, 0.5], [0.5, 0.5]]","[[1, 1], [3, 3], [2, 2]]",0.3
291,455581,J523,junction,turning,371 1263,370 1264,"[[0.8, 0.2], [0.2, 0.8]]","[[1, 1], [2, 2]]",0.3
292,455614,J525,junction,turning,355 367,356 357,"[[0.5, 0.5], [0.8, 0.2]]","[[1, 1], [2, 2]]",0.3
293,455749,J536,junction,turning,329 336 344,335 338 345,"[[0.2, 0.4, 0.4], [0.8, 0.1, 0.1], [0.2, 0.4, 0.4]]","[[1, 1, 1], [2, 2, 2], [3, 3, 3]]",0.3
294,455782,J538,junction,turning,311 314 327,309 310 312,"[[0.4, 0.2, 0.4], [0.4, 0.2, 0.4], [0.1, 0.8, 0.1]]","[[1, 1, 1], [2, 2, 2], [3, 3, 3]]",0.3
295,455804,J540,junction,turning,296 430 450,429 448 449,"[[0.2, 0.4, 0.4], [0.8, 0.1, 0.1], [0.2, 0.4, 0.4]]","[[1, 1, 1], [2, 2, 2], [3, 3, 3]]",0.3
296,455806,J541,junction,turning,341 345 354,342 344 349,"[[0.8, 0.1, 0.1], [0.2, 0.4, 0.4], [0.2, 0.4, 0.4]]","[[1, 1, 1], [2, 2, 2], [3, 3, 3]]",0.3
297,455841,J548,junction,turning,263 310 342,327 341 343,"[[0.1, 0.1, 0.8], [0.4, 0.4, 0.2], [0.4, 0.4, 0.2]]","[[1, 1, 1], [2, 2, 2], [3, 3, 3]]",0.3
298,456216,J563,junction,turning,217 340 347,207 346 348,"[[0.4, 0.4, 0.2], [0.4, 0.4, 0.2], [0.1, 0.1, 0.8]]","[[1, 1, 1], [2, 2, 2], [3, 3, 3]]",0.3
299,456263,J567,junction,turning,292 328 449,296 300 303,"[[0.1, 0.8, 0.1], [0.4, 0.2, 0.4], [0.4, 0.2, 0.4]]","[[1, 1, 1], [2, 2, 2], [3, 3, 3]]",0.3
300,456321,J568,junction,turning,207 222 245,217 218 219,"[[0.4, 0.2, 0.4], [0.1, 0.8, 0.1], [0.4, 0.2, 0.4]]","[[1, 1, 1], [3, 3, 3], [2, 2, 2]]",0.3
301,456482,J577,junction,turning,253 266 269,254 268,"[[0.5, 0.5], [0.5, 0.5], [0.5, 0.5]]","[[1, 1], [2, 2], [3, 3]]",0.3
302,456502,J578,junction,turning,267 270,269 271,"[[0.5, 0.5], [0.2, 0.8]]","[[1, 1], [2, 2]]",0.3
303,456616,J587,junction,turning,278 281 284,280 282 283,"[[0.4, 0.4, 0.2], [0.4, 0.4, 0.2], [0.1, 0.1, 0.8]]","[[1, 1, 1], [2, 2, 2], [3, 3, 3]]",0.3
304,456848,J599,junction,turning,219 237 262,244 245 246,"[[0.2, 0.4, 0.4], [0.8, 0.1, 0.1], [0.2, 0.4, 0.4]]","[[1, 1, 1], [3, 3, 3], [2, 2, 2]]",0.3
305,456914,J605,junction,turning,75 257 276,76 274 275,"[[0.4, 0.4, 0.2], [0.4, 0.4, 0.2], [0.1, 0.1, 0.8]]","[[1, 1, 1], [2, 2, 2], [3, 3, 3]]",0.3
306,457046,J614,junction,turning,216 299 315 334,316 330 332 333,"[[0.06666666666666667, 0.06666666666666667, 0.8, 0.06666666666666667], [0.4, 0.4, 0.1, 0.1], [0.4, 0.4, 0.1, 0.1], [0.06666666666666667, 0.06666666666666667, 0.06666666666666667, 0.8]]","[[1, 1, 1, 1], [2, 2, 2, 2], [3, 3, 3, 3], [4, 4, 4, 4]]",0.3
307,457267,J624,junction,turning,231,239 240,"[[0.2, 0.8]]","[[1, 1]]",0.3
308,457517,J635,junction,turning,54 72 110,103 104 105,"[[0.4, 0.2, 0.4], [0.4, 0.2, 0.4], [0.1, 0.8, 0.1]]","[[1, 1, 1], [2, 2, 2], [3, 3, 3]]",0.3
309,457561,J640,junction,turning,236 240,55,"[[1.0], [1.0]]","[[1], [2]]",0.3
310,457622,J648,junction,turning,191,224 225 226 227,"[[0.8, 0.06666666666666667, 0.06666666666666667, 0.06666666666666667]]","[[1, 1, 1, 1]]",0.3
311,457653,J653,junction,turning,235 243,53,"[[1.0], [1.0]]","[[1], [2]]",0.3
312,457669,J654,junction,turning,57 208 214,213 230 233,"[[0.4, 0.2, 0.4], [0.1, 0.8, 0.1], [0.4, 0.2, 0.4]]","[[1, 1, 1], [2, 2, 2], [3, 3, 3]]",0.3
313,457748,J661,junction,turning,77 86 103,70 71 72,"[[0.3333333333333333, 0.3333333333333333, 0.3333333333333333], [0.8, 0.1, 0.1], [0.1, 0.1, 0.8]]","[[2, 2, 2], [3, 3, 3], [1, 1, 1]]",0.3
314,457792,J664,junction,turning,194 204 238,195 203 205,"[[0.4, 0.4, 0.2], [0.4, 0.4, 0.2], [0.1, 0.1, 0.8]]","[[1, 1, 1], [2, 2, 2], [3, 3, 3]]",0.3
315,457809,J666,junction,turning,70 84 100,86 91 96,"[[0.8, 0.1, 0.1], [0.3333333333333333, 0.3333333333333333, 0.3333333333333333], [0.1, 0.1, 0.8]]","[[1, 1, 1], [2, 2, 2], [3, 3, 3]]",0.3
316,457877,J675,junction,turning,79 114,97 99,"[[0.5, 0.5], [0.2, 0.8]]","[[1, 1], [2, 2]]",0.3
317,457889,J677,junction,turning,182 187 189,183 186 188,"[[0.4, 0.2, 0.4], [0.4, 0.2, 0.4], [0.1, 0.8, 0.1]]","[[1, 1, 1], [2, 2, 2], [3, 3, 3]]",0.3
318,457893,J678,junction,turning,173 179 183,180 181 182,"[[0.4, 0.2, 0.4], [0.1, 0.8, 0.1], [0.4, 0.2, 0.4]]","[[1, 1, 1], [2, 2, 2], [3, 3, 3]]",0.3
319,457944,J681,junction,turning,73 205 221,220 238 241,"[[0.4, 0.2, 0.4], [0.1, 0.8, 0.1], [0.4, 0.2, 0.4]]","[[1, 1, 1], [2, 2, 2], [3, 3, 3]]",0.3
320,457965,J682,junction,turning,53,93 94,"[[0.2, 0.8]]","[[1, 1]]",0.3
321,458034,J690,junction,turning,94 106,109,"[[1.0], [1.0]]","[[1], [2]]",0.3
322,458058,J692,junction,turning,99,114 122,"[[0.8, 0.2]]","[[1, 1]]",0.3
323,458062,J694,junction,turning,168,155 163,"[[0.2, 0.8]]","[[1, 1]]",0.3
324,458214,J705,junction,turning,61 101,60 88,"[[0.8, 0.2], [0.5, 0.5]]","[[1, 1], [2, 2]]",0.3
325,458250,J709,junction,turning,148 154,145,"[[1.0], [1.0]]","[[1], [2]]",0.3
326,458259,J712,junction,turning,83 118,107 111 112,"[[0.4, 0.4, 0.2], [0.4, 0.4, 0.2]]","[[1, 1, 1], [2, 2, 2]]",0.3
327,458366,J730,junction,turning,60,59 61,"[[0.2, 0.8]]","[[1, 1]]",0.3
328,458410,J732,junction,turning,66 128,67 68,"[[0.5, 0.5], [0.2, 0.8]]","[[1, 1], [2, 2]]",0.3
329,458451,J742,junction,turning,74,62 63,"[[0.8, 0.2]]","[[1, 1]]",0.3
330,458460,J743,junction,turning,150 161 164,156 157 158,"[[0.4, 0.2, 0.4], [0.1, 0.8, 0.1], [0.4, 0.2, 0.4]]","[[1, 1, 1], [2, 2, 2], [3, 3, 3]]",0.3
331,458461,J744,junction,turning,68,128 133,"[[0.8, 0.2]]","[[1, 1]]",0.3
332,458497,J746,junction,turning,136 156,142 150,"[[0.5, 0.5], [0.2, 0.8]]","[[1, 1], [2, 2]]",0.3
333,627991,J751,junction,turning,22 26,23 25,"[[0.5, 0.5], [0.2, 0.8]]","[[2, 2], [1, 1]]",0.3
334,628048,J757,junction,turning,9 10 14,11 12 13,"[[0.8, 0.1, 0.1], [0.2, 0.4, 0.4], [0.2, 0.4, 0.4]]","[[1, 1, 1], [2, 2, 2], [3, 3, 3]]",0.3
335,CN01,J152,junction,turning,1097 1110 1124,1096 1113 1115,"[[0.8, 0.1, 0.1], [0.1, 0.8, 0.1], [0.1, 0.1, 0.8]]","[[1, 1, 1], [2, 2, 2], [3, 3, 3]]",0.3
336,CN04,J187,junction,turning,1225 1226 1242,1232 1240 1241,"[[0.8, 0.1, 0.1], [0.1, 0.8, 0.1], [0.1, 0.1, 0.8]]","[[1, 1, 1], [2, 2, 2], [3, 3, 3]]",0.3
337,CN05,J169,junction,turning,862 1115 1138,861 1124 1133,"[[0.4, 0.4, 0.2], [0.4, 0.4, 0.2], [0.1, 0.1, 0.8]]","[[1, 1, 1], [2, 2, 2], [3, 3, 3]]",0.3
338,CN07,J512,junction,turning,322 324 481,323 487,"[[0.8, 0.2], [0.5, 0.5], [0.2, 0.8]]","[[1, 1], [3, 3], [2, 2]]",0.3
339,CN09,J644,junction,turning,224 225 227,52 232 235 236,"[[0.25, 0.25, 0.25, 0.25], [0.25, 0.25, 0.25, 0.25], [0.25, 0.25, 0.25, 0.25]]","[[1, 1, 1, 1], [2, 2, 2, 2], [3, 3, 3, 3]]",0.3
340,CN10,J645,junction,turning,226 232,234,"[[1.0], [1.0]]","[[1], [2]]",0.3
341,CN104,J426,junction,turning,582 606 610,607 608 609,"[[0.1, 0.8, 0.1], [0.4, 0.2, 0.4], [0.4, 0.2, 0.4]]","[[1, 1, 1], [2, 2, 2], [3, 3, 3]]",0.3
342,CN105,J384,junction,turning,550 556 574,549 559 566,"[[0.8, 0.1, 0.1], [0.3333333333333333, 0.3333333333333333, 0.3333333333333333], [0.1, 0.1, 0.8]]","[[1, 1, 1], [2, 2, 2], [3, 3, 3]]",0.3
343,CN108,J390,junction,turning,531,539 540,"[[0.2, 0.8]]","[[1, 1]]",0.3
344,CN109,J397,junction,turning,539 540,544,"[[1.0], [1.0]]","[[2], [1]]",0.3
345,CN110,J289,junction,turning,727 728 734,729 730 735,"[[0.4, 0.2, 0.4], [0.1, 0.8, 0.1], [0.4, 0.2, 0.4]]","[[1, 1, 1], [2, 2, 2], [3, 3, 3]]",0.3
346,CN111,J216,junction,turning,763 847 879,764 870 873,"[[0.4, 0.4, 0.2], [0.4, 0.4, 0.2], [0.1, 0.1, 0.8]]","[[1, 1, 1], [2, 2, 2], [3, 3, 3]]",0.3
347,CN113,J234,junction,turning,789,796,[[1.0]],[[1]],0.3
348,CN114,J300,junction,turning,701 718,700,"[[1.0], [1.0]]","[[1], [2]]",0.3
349,CN115,J560,junction,turning,349 361 373,354 358 359,"[[0.8, 0.1, 0.1], [0.2, 0.4, 0.4], [0.2, 0.4, 0.4]]","[[1, 1, 1], [2, 2, 2], [3, 3, 3]]",0.3
350,CN116,J619,junction,turning,285,229 231,"[[0.5, 0.5]]","[[1, 1]]",0.3
351,CN117,J474,junction,turning,544,285,[[1.0]],[[1]],0.3
352,CN118,J303,junction,turning,698,621,[[1.0]],[[1]],0.3
353,CN119,J378,junction,turning,499 501,531,"[[1.0], [1.0]]","[[2], [1]]",0.3
354,CN121,J43,junction,turning,1136 1166 1174 1175,1165 1171 1173 1176,"[[0.06666666666666667, 0.8, 0.06666666666666667, 0.06666666666666667], [0.4, 0.1, 0.1, 0.4], [0.06666666666666667, 0.06666666666666667, 0.8, 0.06666666666666667], [0.4, 0.1, 0.1, 0.4]]","[[1, 1, 1, 1], [2, 2, 2, 2], [3, 3, 3, 3], [4, 4, 4, 4]]",0.3
355,CN122,J34,junction,turning,1156 1163 1165,1155 1162 1166,"[[0.8, 0.1, 0.1], [0.1, 0.8, 0.1], [0.1, 0.1, 0.8]]","[[1, 1, 1], [2, 2, 2], [3, 3, 3]]",0.3
356,CN124,J603,junction,turning,326 331 333,325 334 337,"[[0.4, 0.4, 0.2], [0.1, 0.1, 0.8], [0.4, 0.4, 0.2]]","[[1, 1, 1], [2, 2, 2], [3, 3, 3]]",0.3
357,CN125,J542,junction,turning,190,286 289,"[[0.8, 0.2]]","[[1, 1]]",0.3
358,CN126,J312,junction,turning,720,718 719,"[[0.5, 0.5]]","[[1, 1]]",0.3
359,CN127,J310,junction,turning,715 719 724,714 725,"[[0.5, 0.5], [0.5, 0.5], [0.5, 0.5]]","[[1, 1], [2, 2], [3, 3]]",0.3
360,CN129,J37,junction,turning,924 934 936 980,913 914 916 917,"[[0.06666666666666667, 0.06666666666666667, 0.8, 0.06666666666666667], [0.06666666666666667, 0.8, 0.06666666666666667, 0.06666666666666667], [0.4, 0.1, 0.1, 0.4], [0.4, 0.1, 0.1, 0.4]]","[[1, 1, 1, 1], [2, 2, 2, 2], [3, 3, 3, 3], [4, 4, 4, 4]]",0.3
361,CN13,J550,junction,turning,369,372 375,"[[0.5, 0.5]]","[[1, 1]]",0.3
362,CN130,J360,junction,turning,626 684 705,622 624 711,"[[0.3333333333333333, 0.3333333333333333, 0.3333333333333333], [0.1, 0.1, 0.8], [0.8, 0.1, 0.1]]","[[1, 1, 1], [2, 2, 2], [3, 3, 3]]",0.3
363,CN131,J612,junction,turning,76 78 82 144,75 78 82 85,"[[0.4, 0.1, 0.1, 0.4], [0.1, 0.4, 0.4, 0.1], [0.1, 0.4, 0.4, 0.1], [0.4, 0.1, 0.1, 0.4]]","[[1, 1, 1, 1], [2, 2, 2, 2], [3, 3, 3, 3], [4, 4, 4, 4]]",0.3
364,CN133,J558,junction,turning,306 312 346,311 339 340,"[[0.1, 0.8, 0.1], [0.4, 0.2, 0.4], [0.4, 0.2, 0.4]]","[[3, 3, 3], [1, 1, 1], [2, 2, 2]]",0.3
365,CN134,J595,junction,turning,641,211,[[1.0]],[[1]],0.3
366,CN135,J592,junction,turning,212,202,[[1.0]],[[1]],0.3
367,CN136,J345,junction,turning,202,620,[[1.0]],[[1]],0.3
368,CN137,J348,junction,turning,619,641,[[1.0]],[[1]],0.3
369,CN138,J518,junction,turning,295 304 319,294 305 313,"[[0.8, 0.1, 0.1], [0.1, 0.8, 0.1], [0.3333333333333333, 0.3333333333333333, 0.3333333333333333]]","[[1, 1, 1], [2, 2, 2], [3, 3, 3]]",0.3
370,CN139,J377,junction,turning,393 551,494,"[[1.0], [1.0]]","[[1], [2]]",0.3
371,CN14,J555,junction,turning,359 377,373 378,"[[0.8, 0.2], [0.5, 0.5]]","[[1, 1], [2, 2]]",0.3
372,CN140,J616,junction,turning,87 260,190,"[[1.0], [1.0]]","[[2], [1]]",0.3
373,CN141,J473,junction,turning,286 447,399,"[[1.0], [1.0]]","[[1], [2]]",0.3
374,CN142,J52,junction,turning,1206 1208 1222,1207 1219 1221,"[[0.4, 0.2, 0.4], [0.1, 0.8, 0.1], [0.4, 0.2, 0.4]]","[[1, 1, 1], [2, 2, 2], [3, 3, 3]]",0.3
375,CN143,J112,junction,turning,1106 1127 1131 1132,1123 1125 1128 1129,"[[0.06666666666666667, 0.8, 0.06666666666666667, 0.06666666666666667], [0.4, 0.1, 0.4, 0.1], [0.4, 0.1, 0.4, 0.1], [0.25, 0.25, 0.25, 0.25]]","[[1, 1, 1, 1], [2, 2, 2, 2], [3, 3, 3, 3], [4, 4, 4, 4]]",0.3
376,CN144,J114,junction,turning,1067 1070 1078,1066 1069 1079,"[[0.1, 0.1, 0.8], [0.1, 0.8, 0.1], [0.3333333333333333, 0.3333333333333333, 0.3333333333333333]]","[[1, 1, 1], [2, 2, 2], [3, 3, 3]]",0.3
377,CN145,J123,junction,turning,909,931 932,"[[0.8, 0.2]]","[[1, 1]]",0.3
378,CN146,J125,junction,turning,940 1036,935,"[[1.0], [1.0]]","[[2], [1]]",0.3
379,CN148,J138,junction,turning,1011,977 999,"[[0.5, 0.5]]","[[1, 1]]",0.3
380,CN149,J161,junction,turning,931 944,1002,"[[1.0], [1.0]]","[[1], [2]]",0.3
381,CN15,J107,junction,turning,914 964 974 1027,934 968 973 976,"[[0.8, 0.06666666666666667, 0.06666666666666667, 0.06666666666666667], [0.25, 0.25, 0.25, 0.25], [0.06666666666666667, 0.06666666666666667, 0.8, 0.06666666666666667], [0.06666666666666667, 0.06666666666666667, 0.06666666666666667, 0.8]]","[[1, 1, 1, 1], [2, 2, 2, 2], [3, 3, 3, 3], [4, 4, 4, 4]]",0.3
382,CN150,J174,junction,turning,1215 1228 1232 1240,1223 1225 1226 1227,"[[0.4, 0.1, 0.4, 0.1], [0.06666666666666667, 0.06666666666666667, 0.06666666666666667, 0.8], [0.06666666666666667, 0.8, 0.06666666666666667, 0.06666666666666667], [0.4, 0.1, 0.4, 0.1]]","[[1, 1, 1, 1], [2, 2, 2, 2], [3, 3, 3, 3], [4, 4, 4, 4]]",0.3
383,CN151,J178,junction,turning,765,1036 1037,"[[0.8, 0.2]]","[[1, 1]]",0.3
384,CN153,J227,junction,turning,781 791,765,"[[1.0], [1.0]]","[[2], [1]]",0.3
385,CN154,J232,junction,turning,1002,768 778,"[[0.2, 0.8]]","[[1, 1]]",0.3
386,CN155,J246,junction,turning,790,791 795,"[[0.8, 0.2]]","[[1, 1]]",0.3
387,CN156,J248,junction,turning,809 811 814 815 819,808 812 813 816 818,"[[0.2, 0.2, 0.2, 0.2, 0.2], [0.2, 0.2, 0.2, 0.2, 0.2], [0.2, 0.2, 0.2, 0.2, 0.2], [0.2, 0.2, 0.2, 0.2, 0.2], [0.05, 0.05, 0.05, 0.05, 0.8]]","[[1, 1, 1, 1, 1], [2, 2, 2, 2, 2], [3, 3, 3, 3, 3], [4, 4, 4, 4, 4], [5, 5, 5, 5, 5]]",0.3
388,CN157,J254,junction,turning,775 778,676,"[[1.0], [1.0]]","[[2], [1]]",0.3
389,CN158,J270,junction,turning,716 828,717 829,"[[0.8, 0.2], [0.5, 0.5]]","[[1, 1], [2, 2]]",0.3
390,CN159,J301,junction,turning,688 692 702,689 690 691,"[[0.8, 0.1, 0.1], [0.1, 0.8, 0.1], [0.1, 0.1, 0.8]]","[[2, 2, 2], [1, 1, 1], [3, 3, 3]]",0.3
391,CN160,J302,junction,turning,674 677 689,683 687 688,"[[0.8, 0.1, 0.1], [0.1, 0.8, 0.1], [0.1, 0.1, 0.8]]","[[2, 2, 2], [1, 1, 1], [3, 3, 3]]",0.3
392,CN161,J308,junction,turning,668 741 757,745 748 754,"[[0.1, 0.1, 0.8], [0.8, 0.1, 0.1], [0.1, 0.8, 0.1]]","[[1, 1, 1], [2, 2, 2], [3, 3, 3]]",0.3
393,CN162,J361,junction,turning,624 627 630 636,626 628 629 631 634,"[[0.2, 0.2, 0.2, 0.2, 0.2], [0.06666666666666667, 0.4, 0.06666666666666667, 0.4, 0.06666666666666667], [0.06666666666666667, 0.4, 0.06666666666666667, 0.4, 0.06666666666666667], [0.05, 0.05, 0.05, 0.05, 0.8]]","[[4, 4, 4, 4, 4], [1, 1, 1, 1, 1], [2, 2, 2, 2, 2], [3, 3, 3, 3, 3]]",0.3
394,CN163,J369,junction,turning,685 704,682 686,"[[0.2, 0.8], [0.8, 0.2]]","[[1, 1], [2, 2]]",0.3
395,CN164,J370,junction,turning,558 579 598 651,568 573 577 578,"[[0.4, 0.1, 0.1, 0.4], [0.4, 0.1, 0.1, 0.4], [0.06666666666666667, 0.06666666666666667, 0.8, 0.06666666666666667], [0.06666666666666667, 0.8, 0.06666666666666667, 0.06666666666666667]]","[[1, 1, 1, 1], [2, 2, 2, 2], [3, 3, 3, 3], [4, 4, 4, 4]]",0.3
396,CN165,J382,junction,turning,504 637 706,498 635 639,"[[0.1, 0.1, 0.8], [0.8, 0.1, 0.1], [0.1, 0.8, 0.1]]","[[1, 1, 1], [2, 2, 2], [3, 3, 3]]",0.3
397,CN166,J401,junction,turning,510 623,495 506,"[[0.5, 0.5], [0.8, 0.2]]","[[1, 1], [2, 2]]",0.3
398,CN167,J405,junction,turning,577 586 603 604,587 597 598 602,"[[0.06666666666666667, 0.06666666666666667, 0.8, 0.06666666666666667], [0.4, 0.1, 0.1, 0.4], [0.06666666666666667, 0.8, 0.06666666666666667, 0.06666666666666667], [0.4, 0.1, 0.1, 0.4]]","[[1, 1, 1, 1], [2, 2, 2, 2], [3, 3, 3, 3], [4, 4, 4, 4]]",0.3
399,CN168,J465,junction,turning,385 389 392 400,384 388 390 391,"[[0.4, 0.1, 0.4, 0.1], [0.06666666666666667, 0.8, 0.06666666666666667, 0.06666666666666667], [0.06666666666666667, 0.06666666666666667, 0.06666666666666667, 0.8], [0.4, 0.1, 0.4, 0.1]]","[[1, 1, 1, 1], [2, 2, 2, 2], [3, 3, 3, 3], [4, 4, 4, 4]]",0.3
400,CN169,J489,junction,turning,456 473 480,474 476 479,"[[0.1, 0.8, 0.1], [0.3333333333333333, 0.3333333333333333, 0.3333333333333333], [0.1, 0.1, 0.8]]","[[1, 1, 1], [2, 2, 2], [3, 3, 3]]",0.3
401,CN17,J680,junction,turning,137 145,69 80,"[[0.2, 0.8], [0.5, 0.5]]","[[1, 1], [2, 2]]",0.3
402,CN170,J508,junction,turning,417 420 421 441,416 422 426 427,"[[0.4, 0.1, 0.1, 0.4], [0.06666666666666667, 0.06666666666666667, 0.8, 0.06666666666666667], [0.06666666666666667, 0.8, 0.06666666666666667, 0.06666666666666667], [0.4, 0.1, 0.1, 0.4]]","[[1, 1, 1, 1], [2, 2, 2, 2], [3, 3, 3, 3], [4, 4, 4, 4]]",0.3
403,CN171,J509,junction,turning,422 426,420 421,"[[0.2, 0.8], [0.8, 0.2]]","[[1, 1], [2, 2]]",0.3
404,CN172,J516,junction,turning,320 323,319 321 322,"[[0.2, 0.4, 0.4], [0.2, 0.4, 0.4]]","[[1, 1, 1], [2, 2, 2]]",0.3
405,CN173,J515,junction,turning,338,324 329,"[[0.2, 0.8]]","[[1, 1]]",0.3
406,CN174,J580,junction,turning,261 268 343,263 265 266 267,"[[0.25, 0.25, 0.25, 0.25], [0.06666666666666667, 0.06666666666666667, 0.8, 0.06666666666666667], [0.8, 0.06666666666666667, 0.06666666666666667, 0.06666666666666667]]","[[1, 1, 1, 1], [2, 2, 2, 2], [3, 3, 3, 3]]",0.3
407,CN175,J593,junction,turning,256 258 274,255 257 259,"[[0.8, 0.1, 0.1], [0.3333333333333333, 0.3333333333333333, 0.3333333333333333], [0.1, 0.8, 0.1]]","[[1, 1, 1], [2, 2, 2], [3, 3, 3]]",0.3
408,CN176,J631,junction,turning,229,242 243,"[[0.8, 0.2]]","[[1, 1]]",0.3
409,CN177,J639,junction,turning,69 81,228,"[[1.0], [1.0]]","[[2], [1]]",0.3
410,CN178,J643,junction,turning,228 239,223,"[[1.0], [1.0]]","[[1], [2]]",0.3
411,CN179,J642,junction,turning,52 80,260,"[[1.0], [1.0]]","[[2], [1]]",0.3
412,CN18,J606,junction,turning,291 301 330,297 299 302,"[[0.8, 0.1, 0.1], [0.1, 0.1, 0.8], [0.1, 0.8, 0.1]]","[[1, 1, 1], [2, 2, 2], [3, 3, 3]]",0.3
413,CN180,J659,junction,turning,234 242,64,"[[1.0], [1.0]]","[[2], [1]]",0.3
414,CN181,J667,junction,turning,71 91 97,77 79 84,"[[0.1, 0.8, 0.1], [0.3333333333333333, 0.3333333333333333, 0.3333333333333333], [0.8, 0.1, 0.1]]","[[1, 1, 1], [2, 2, 2], [3, 3, 3]]",0.3
415,CN182,J693,junction,turning,64 109,113,"[[1.0], [1.0]]","[[1], [2]]",0.3
416,CN183,J760,junction,turning,113,15 16,"[[0.2, 0.8]]","[[1, 1]]",0.3
417,CN184,J766,junction,turning,20,17 18,"[[0.8, 0.2]]","[[1, 1]]",0.3
418,CN19,J598,junction,turning,162 272 275 282,276 277 278 279,"[[0.1, 0.4, 0.1, 0.4], [0.1, 0.4, 0.1, 0.4], [0.4, 0.1, 0.4, 0.1], [0.4, 0.1, 0.4, 0.1]]","[[1, 1, 1, 1], [2, 2, 2, 2], [3, 3, 3, 3], [4, 4, 4, 4]]",0.3
419,CN20,J765,junction,turning,1 4 5,2 3 6,"[[0.8, 0.1, 0.1], [0.2, 0.4, 0.4], [0.2, 0.4, 0.4]]","[[1, 1, 1], [2, 2, 2], [3, 3, 3]]",0.3
420,CN22,J713,junction,turning,143 147,148 149,"[[0.2, 0.8], [0.5, 0.5]]","[[1, 1], [2, 2]]",0.3
421,CN23,J738,junction,turning,146,137 143,"[[0.8, 0.2]]","[[1, 1]]",0.3
422,CN24,J745,junction,turning,17,146 147,"[[0.8, 0.2]]","[[1, 1]]",0.3
423,CN25,J146,junction,turning,1211 1218,1214 1217,"[[0.5, 0.5], [0.2, 0.8]]","[[1, 1], [2, 2]]",0.3
424,CN26,J156,junction,turning,1210 1223,1213 1215,"[[0.5, 0.5], [0.2, 0.8]]","[[1, 1], [2, 2]]",0.3
425,CN27,J373,junction,turning,632 633 639 640,499 636 637 638,"[[0.25, 0.25, 0.25, 0.25], [0.06666666666666667, 0.06666666666666667, 0.06666666666666667, 0.8], [0.25, 0.25, 0.25, 0.25], [0.25, 0.25, 0.25, 0.25]]","[[1, 1, 1, 1], [3, 3, 3, 3], [2, 2, 2, 2], [4, 4, 4, 4]]",0.3
426,CN28,J444,junction,turning,399,393 562,"[[0.8, 0.2]]","[[1, 1]]",0.3
427,CN29,J277,junction,turning,695 697,790,"[[1.0], [1.0]]","[[1], [2]]",0.3
428,CN30,J293,junction,turning,700,695 697,"[[0.8, 0.2]]","[[1, 1]]",0.3
429,CN31,J295,junction,turning,693 694,698,"[[1.0], [1.0]]","[[1], [2]]",0.3
430,CN32,J282,junction,turning,676,693 694,"[[0.8, 0.2]]","[[1, 1]]",0.3
431,CN36,J199,junction,turning,867 869 887,863 864 865,"[[0.4, 0.4, 0.2], [0.1, 0.1, 0.8], [0.4, 0.4, 0.2]]","[[1, 1, 1], [2, 2, 2], [3, 3, 3]]",0.3
432,CN37,J180,junction,turning,877 881 883,876 880,"[[0.8, 0.2], [0.5, 0.5], [0.5, 0.5]]","[[1, 1], [2, 2], [3, 3]]",0.3
433,CN40,J76,junction,turning,990 1008 1015,1018 1023 1024,"[[0.2, 0.4, 0.4], [0.3333333333333333, 0.3333333333333333, 0.3333333333333333], [0.2, 0.4, 0.4]]","[[1, 1, 1], [2, 2, 2], [3, 3, 3]]",0.3
434,CN41,J56,junction,turning,1032 1038,1033 1039,"[[0.8, 0.2], [0.2, 0.8]]","[[1, 1], [2, 2]]",0.3
435,CN43,J29,junction,turning,1084 1120 1155,1119 1153 1156,"[[0.2, 0.4, 0.4], [0.8, 0.1, 0.1], [0.2, 0.4, 0.4]]","[[1, 1, 1], [2, 2, 2], [3, 3, 3]]",0.3
436,CN44,J179,junction,turning,849 1050,845 846,"[[0.5, 0.5], [0.5, 0.5]]","[[1, 1], [2, 2]]",0.3
437,CN45,J106,junction,turning,1071,1074 1080,"[[0.5, 0.5]]","[[1, 1]]",0.3
438,CN46,J173,junction,turning,861 1087 1098,849 862,"[[0.2, 0.8], [0.5, 0.5], [0.5, 0.5]]","[[1, 1], [2, 2], [3, 3]]",0.3
439,CN47,J137,junction,turning,1141 1152,1147 1149,"[[0.5, 0.5], [0.5, 0.5]]","[[1, 1], [2, 2]]",0.3
440,CN49,J335,junction,turning,650 664 667,662 665 666,"[[0.1, 0.8, 0.1], [0.3333333333333333, 0.3333333333333333, 0.3333333333333333], [0.1, 0.1, 0.8]]","[[1, 1, 1], [2, 2, 2], [3, 3, 3]]",0.3
441,CN50,J519,junction,turning,357 360 364,355 362 363,"[[0.1, 0.8, 0.1], [0.8, 0.1, 0.1], [0.3333333333333333, 0.3333333333333333, 0.3333333333333333]]","[[1, 1, 1], [2, 2, 2], [3, 3, 3]]",0.3
442,CN51,J192,junction,turning,844 981 1003,843 1046 1051,"[[0.3333333333333333, 0.3333333333333333, 0.3333333333333333], [0.1, 0.1, 0.8], [0.1, 0.8, 0.1]]","[[1, 1, 1], [2, 2, 2], [3, 3, 3]]",0.3
443,CN53,J193,junction,turning,843 852 853 870,844 847 848 851,"[[0.25, 0.25, 0.25, 0.25], [0.06666666666666667, 0.06666666666666667, 0.06666666666666667, 0.8], [0.06666666666666667, 0.06666666666666667, 0.8, 0.06666666666666667], [0.06666666666666667, 0.8, 0.06666666666666667, 0.06666666666666667]]","[[1, 1, 1, 1], [2, 2, 2, 2], [3, 3, 3, 3], [4, 4, 4, 4]]",0.3
444,CN54,J431,junction,turning,418,567 569 571 572,"[[0.06666666666666667, 0.06666666666666667, 0.8, 0.06666666666666667]]","[[1, 1, 1, 1]]",0.3
445,CN55,J149,junction,turning,1143 1145 1149 1157,1142 1146 1152 1154,"[[0.8, 0.06666666666666667, 0.06666666666666667, 0.06666666666666667], [0.06666666666666667, 0.8, 0.06666666666666667, 0.06666666666666667], [0.06666666666666667, 0.06666666666666667, 0.06666666666666667, 0.8], [0.06666666666666667, 0.06666666666666667, 0.8, 0.06666666666666667]]","[[1, 1, 1, 1], [2, 2, 2, 2], [3, 3, 3, 3], [4, 4, 4, 4]]",0.3
446,CN56,J159,junction,turning,1133 1142 1146,1138 1143 1145,"[[0.4, 0.2, 0.4], [0.1, 0.8, 0.1], [0.4, 0.2, 0.4]]","[[1, 1, 1], [2, 2, 2], [3, 3, 3]]",0.3
447,CN61,J394,junction,turning,508 523 527 534,509 524 528 529,"[[0.8, 0.06666666666666667, 0.06666666666666667, 0.06666666666666667], [0.06666666666666667, 0.06666666666666667, 0.06666666666666667, 0.8], [0.06666666666666667, 0.06666666666666667, 0.06666666666666667, 0.8], [0.25, 0.25, 0.25, 0.25]]","[[1, 1, 1, 1], [2, 2, 2, 2], [3, 3, 3, 3], [4, 4, 4, 4]]",0.3
448,CN64,J220,junction,turning,836 894 900,810 893 899,"[[0.4, 0.4, 0.2], [0.4, 0.4, 0.2], [0.1, 0.1, 0.8]]","[[1, 1, 1], [2, 2, 2], [3, 3, 3]]",0.3
449,CN66,J249,junction,turning,818 822 825 833,819 821 826 827,"[[0.4, 0.1, 0.1, 0.4], [0.06666666666666667, 0.8, 0.06666666666666667, 0.06666666666666667], [0.06666666666666667, 0.06666666666666667, 0.8, 0.06666666666666667], [0.4, 0.1, 0.1, 0.4]]","[[1, 1, 1, 1], [2, 2, 2, 2], [3, 3, 3, 3], [4, 4, 4, 4]]",0.3
450,CN73,J683,junction,turning,206 209 220,210 215 221,"[[0.2, 0.4, 0.4], [0.8, 0.1, 0.1], [0.2, 0.4, 0.4]]","[[1, 1, 1], [2, 2, 2], [3, 3, 3]]",0.3
451,CN74,J703,junction,turning,121 124,125 129,"[[0.5, 0.5], [0.2, 0.8]]","[[1, 1], [2, 2]]",0.3
452,CN75,J704,junction,turning,107 120 123,118 119 121,"[[0.8, 0.1, 0.1], [0.1, 0.8, 0.1], [0.3333333333333333, 0.3333333333333333, 0.3333333333333333]]","[[1, 1, 1], [2, 2, 2], [3, 3, 3]]",0.3
453,CN77,J638,junction,turning,85 104 127 152,110 126 144 153,"[[0.1, 0.1, 0.4, 0.4], [0.8, 0.06666666666666667, 0.06666666666666667, 0.06666666666666667], [0.06666666666666667, 0.8, 0.06666666666666667, 0.06666666666666667], [0.1, 0.1, 0.4, 0.4]]","[[1, 1, 1, 1], [2, 2, 2, 2], [3, 3, 3, 3], [4, 4, 4, 4]]",0.3
454,CN79,J647,junction,turning,170 176 178,169 174 175,"[[0.4, 0.4, 0.2], [0.1, 0.1, 0.8], [0.4, 0.4, 0.2]]","[[1, 1, 1], [2, 2, 2], [3, 3, 3]]",0.3
455,CN80,J636,junction,turning,153 169 279,152 162 170,"[[0.8, 0.1, 0.1], [0.2, 0.4, 0.4], [0.2, 0.4, 0.4]]","[[1, 1, 1], [2, 2, 2], [3, 3, 3]]",0.3
456,CN83,J733,junction,turning,29 157 160 167,159 161 165 166,"[[0.06666666666666667, 0.06666666666666667, 0.06666666666666667, 0.8], [0.4, 0.4, 0.1, 0.1], [0.4, 0.4, 0.1, 0.1], [0.06666666666666667, 0.06666666666666667, 0.8, 0.06666666666666667]]","[[1, 1, 1, 1], [2, 2, 2, 2], [3, 3, 3, 3], [4, 4, 4, 4]]",0.3
457,CN85,J641,junction,turning,98,81 87,"[[0.5, 0.5]]","[[1, 1]]",0.3
458,CN86,J610,junction,turning,105 246 264,54 262,"[[0.8, 0.2], [0.2, 0.8], [0.5, 0.5]]","[[1, 1], [2, 2], [3, 3]]",0.3
459,CN87,J493,junction,turning,425 445,428 434 442 446,"[[0.8, 0.06666666666666667, 0.06666666666666667, 0.06666666666666667], [0.06666666666666667, 0.06666666666666667, 0.06666666666666667, 0.8]]","[[1, 1, 1, 1], [2, 2, 2, 2]]",0.3
460,CN88,J764,junction,turning,21 37 39 40,24 27 36 38,"[[0.4, 0.1, 0.4, 0.1], [0.4, 0.1, 0.4, 0.1], [0.06666666666666667, 0.06666666666666667, 0.06666666666666667, 0.8], [0.06666666666666667, 0.8, 0.06666666666666667, 0.06666666666666667]]","[[1, 1, 1, 1], [2, 2, 2, 2], [3, 3, 3, 3], [4, 4, 4, 4]]",0.3
461,CN89,J735,junction,turning,25 35 42 46,26 41 45 47,"[[0.4, 0.1, 0.4, 0.1], [0.06666666666666667, 0.06666666666666667, 0.06666666666666667, 0.8], [0.06666666666666667, 0.8, 0.06666666666666667, 0.06666666666666667], [0.4, 0.1, 0.4, 0.1]]","[[1, 1, 1, 1], [3, 3, 3, 3], [4, 4, 4, 4], [2, 2, 2, 2]]",0.3
462,CN90,J759,junction,turning,6 8 11,5 7 9,"[[0.8, 0.1, 0.1], [0.1, 0.8, 0.1], [0.1, 0.1, 0.8]]","[[1, 1, 1], [2, 2, 2], [3, 3, 3]]",0.3
463,CN93,J668,junction,turning,172 174 181,177 178 179,"[[0.8, 0.1, 0.1], [0.2, 0.4, 0.4], [0.2, 0.4, 0.4]]","[[1, 1, 1], [2, 2, 2], [3, 3, 3]]",0.3
464,CN95,J530,junction,turning,288 293 452,287 455 457,"[[0.1, 0.1, 0.8], [0.8, 0.1, 0.1], [0.3333333333333333, 0.3333333333333333, 0.3333333333333333]]","[[1, 1, 1], [2, 2, 2], [3, 3, 3]]",0.3
465,CN96,J527,junction,turning,444 451 455,443 453,"[[0.5, 0.5], [0.5, 0.5], [0.5, 0.5]]","[[1, 1], [2, 2], [3, 3]]",0.3
466,CN97,J506,junction,turning,412 416 435,411 415 417,"[[0.4, 0.2, 0.4], [0.4, 0.2, 0.4], [0.1, 0.8, 0.1]]","[[1, 1, 1], [2, 2, 2], [3, 3, 3]]",0.3
467,CN98,J492,junction,turning,413 424 428,414 423 425,"[[0.4, 0.2, 0.4], [0.1, 0.8, 0.1], [0.4, 0.2, 0.4]]","[[1, 1, 1], [2, 2, 2], [3, 3, 3]]",0.3
468,RB01,RB01,roundabout,turning,1017 1026 1040,1019 1021 1028 1030,"[[0.25, 0.25, 0.25, 0.25], [0.25, 0.25, 0.25, 0.25], [0.25, 0.25, 0.25, 0.25]]","[[1, 1, 1, 1], [2, 2, 2, 2], [3, 3, 3, 3]]",0.3
469,RB02,RB02,roundabout,turning,1161 1172,1167 1169,"[[0.5, 0.5], [0.5, 0.5]]","[[1, 1], [2, 2]]",0.3
470,RB03,RB03,roundabout,turning,1195 1196,1189 1190 1191 1192,"[[0.25, 0.25, 0.25, 0.25], [0.25, 0.25, 0.25, 0.25]]","[[1, 1, 1, 1], [2, 2, 2, 2]]",0.3
471,RB04,RB04,roundabout,turning,1348,1100 1104 1105 1106 1107 1111,"[[0.16666666666666666, 0.16666666666666666, 0.16666666666666666, 0.16666666666666666, 0.16666666666666666, 0.16666666666666666]]","[[1, 1, 1, 1, 1, 1]]",0.3
472,RB05,RB05,roundabout,turning,1058 1064 1073 1074 1079,1061 1065 1067 1068 1071 1072,"[[0.16666666666666666, 0.16666666666666666, 0.16666666666666666, 0.16666666666666666, 0.16666666666666666, 0.16666666666666666], [0.16666666666666666, 0.16666666666666666, 0.16666666666666666, 0.16666666666666666, 0.16666666666666666, 0.16666666666666666], [0.16666666666666666, 0.16666666666666666, 0.16666666666666666, 0.16666666666666666, 0.16666666666666666, 0.16666666666666666], [0.16666666666666666, 0.16666666666666666, 0.16666666666666666, 0.16666666666666666, 0.16666666666666666, 0.16666666666666666], [0.04, 0.04, 0.8, 0.04, 0.04, 0.04]]","[[1, 1, 1, 1, 1, 1], [2, 2, 2, 2, 2, 2], [3, 3, 3, 3, 3, 3], [4, 4, 4, 4, 4, 4], [5, 5, 5, 5, 5, 5]]",0.3
473,RB06,RB06,roundabout,turning,1080 1100,1081 1082 1086 1089,"[[0.25, 0.25, 0.25, 0.25], [0.25, 0.25, 0.25, 0.25]]","[[1, 1, 1, 1], [2, 2, 2, 2]]",0.3
474,RB07,RB07,roundabout,turning,1016,952 953 954 955 961 964,"[[0.16666666666666666, 0.16666666666666666, 0.16666666666666666, 0.16666666666666666, 0.16666666666666666, 0.16666666666666666]]","[[1, 1, 1, 1, 1, 1]]",0.3
475,RB08,RB08,roundabout,turning,1063,1047 1049 1052 1056,"[[0.25, 0.25, 0.25, 0.25]]","[[1, 1, 1, 1]]",0.3
476,RB09,RB09,roundabout,turning,1137,1139 1140 1141 1144,"[[0.25, 0.25, 0.25, 0.25]]","[[1, 1, 1, 1]]",0.3
477,RB10,RB10,roundabout,turning,1012 1047,1006 1007 1016,"[[0.3333333333333333, 0.3333333333333333, 0.3333333333333333], [0.3333333333333333, 0.3333333333333333, 0.3333333333333333]]","[[1, 1, 1], [2, 2, 2]]",0.3
478,RB11,RB11,roundabout,turning,1224,1230 1231 1233 1234 1235 1236,"[[0.16666666666666666, 0.16666666666666666, 0.16666666666666666, 0.16666666666666666, 0.16666666666666666, 0.16666666666666666]]","[[1, 1, 1, 1, 1, 1]]",0.3
479,RB12,RB12,roundabout,turning,1200,1209 1210 1211 1212,"[[0.25, 0.25, 0.25, 0.25]]","[[1, 1, 1, 1]]",0.3
480,RB13,RB13,roundabout,turning,932 992 996,982,"[[1.0], [1.0], [1.0]]","[[1], [2], [3]]",0.3
481,RB14,RB14,roundabout,turning,1052,993 994 995 996 998 1000,"[[0.16666666666666666, 0.16666666666666666, 0.16666666666666666, 0.16666666666666666, 0.16666666666666666, 0.16666666666666666]]","[[1, 1, 1, 1, 1, 1]]",0.3
482,RB15,RB15,roundabout,turning,886,897 898 901 902 904 905,"[[0.16666666666666666, 0.16666666666666666, 0.16666666666666666, 0.16666666666666666, 0.16666666666666666, 0.16666666666666666]]","[[1, 1, 1, 1, 1, 1]]",0.3
483,RB16,RB16,roundabout,turning,878,881 882 883 885 886,"[[0.2, 0.2, 0.2, 0.2, 0.2]]","[[1, 1, 1, 1, 1]]",0.3
484,RB17,RB17,roundabout,turning,850 857,855 858,"[[0.5, 0.5], [0.5, 0.5]]","[[1, 1], [2, 2]]",0.3
485,RB18,RB18,roundabout,turning,783 798,781 784 794,"[[0.3333333333333333, 0.3333333333333333, 0.3333333333333333], [0.3333333333333333, 0.3333333333333333, 0.3333333333333333]]","[[1, 1, 1], [2, 2, 2]]",0.3
486,RB19,RB19,roundabout,turning,777 799,797 798,"[[0.5, 0.5], [0.5, 0.5]]","[[1, 1], [2, 2]]",0.3
487,RB20,RB20,roundabout,turning,768,771 772 775 776 777,"[[0.2, 0.2, 0.2, 0.2, 0.2]]","[[1, 1, 1, 1, 1]]",0.3
488,RB21,RB21,roundabout,turning,744 753,742 743 747 749,"[[0.25, 0.25, 0.25, 0.25], [0.25, 0.25, 0.25, 0.25]]","[[1, 1, 1, 1], [2, 2, 2, 2]]",0.3
489,RB22,RB22,roundabout,turning,580 593,591 594 595 596,"[[0.25, 0.25, 0.25, 0.25], [0.25, 0.25, 0.25, 0.25]]","[[1, 1, 1, 1], [2, 2, 2, 2]]",0.3
490,RB23,RB23,roundabout,turning,548 553,551 552 557,"[[0.3333333333333333, 0.3333333333333333, 0.3333333333333333], [0.3333333333333333, 0.3333333333333333, 0.3333333333333333]]","[[1, 1, 1], [2, 2, 2]]",0.3
491,RB24,RB24,roundabout,turning,562 567,561 564,"[[0.5, 0.5], [0.5, 0.5]]","[[1, 1], [2, 2]]",0.3
492,RB25,RB25,roundabout,turning,467 475,465 466 472 473,"[[0.25, 0.25, 0.25, 0.25], [0.25, 0.25, 0.25, 0.25]]","[[1, 1, 1, 1], [2, 2, 2, 2]]",0.3
493,RB26,RB26,roundabout,turning,352 356 368,365 366 367,"[[0.8, 0.1, 0.1], [0.1, 0.1, 0.8], [0.1, 0.8, 0.1]]","[[1, 1, 1], [2, 2, 2], [3, 3, 3]]",0.3
494,RB27,RB27,roundabout,turning,353 375 381,376 377 379 380,"[[0.8, 0.06666666666666667, 0.06666666666666667, 0.06666666666666667], [0.25, 0.25, 0.25, 0.25], [0.06666666666666667, 0.06666666666666667, 0.06666666666666667, 0.8]]","[[1, 1, 1, 1], [2, 2, 2, 2], [3, 3, 3, 3]]",0.3
495,RB28,RB28,roundabout,turning,108 122 125 151,115 116 117 123 130,"[[0.1, 0.1, 0.0, 0.1, 0.7], [0.1, 0.1, 0.1, 0.0, 0.7], [0.2, 0.1, 0.1, 0.1, 0.5], [0.1, 0.1, 0.1, 0.0, 0.7]]","[[1, 1, 0, 1, 1], [2, 2, 1, 0, 2], [3, 3, 2, 2, 3], [4, 4, 3, 0, 4]]",0.3
496,RB29,RB29,roundabout,turning,130 149 155,151 154,"[[0.3, 0.7], [0.7, 0.3], [0.7, 0.3]]","[[1, 1], [2, 2], [3, 3]]",0.3
497,RB30,RB30,roundabout,turning,93 117,101 102 106 108,"[[0.25, 0.25, 0.25, 0.25], [0.25, 0.25, 0.25, 0.25]]","[[1, 1, 1, 1], [2, 2, 2, 2]]",0.3
498,RB31,RB31,roundabout,turning,59 63,56 58 65 66,"[[0.25, 0.25, 0.25, 0.25], [0.25, 0.25, 0.25, 0.25]]","[[1, 1, 1, 1], [2, 2, 2, 2]]",0.3
499,RB32,RB32,roundabout,turning,133 135,131 132 134 136 138,"[[0.2, 0.2, 0.2, 0.2, 0.2], [0.05, 0.05, 0.8, 0.05, 0.05]]","[[1, 1, 1, 1, 1], [2, 2, 2, 2, 2]]",0.3
500,RB33,RB33,roundabout,turning,19 23 24 158,21 22 164,"[[0.3333333333333333, 0.3333333333333333, 0.3333333333333333], [0.3333333333333333, 0.3333333333333333, 0.3333333333333333], [0.8, 0.1, 0.1], [0.1, 0.1, 0.8]]","[[1, 1, 1], [2, 2, 2], [3, 3, 3], [4, 4, 4]]",0.3
